Workbook

Sheet Guide
A1: Procyra — PE Toolkit (Process Engineering)
A2: Companion workbook to the Procyra web app. Same logic, same Phase 1 modules — usable offline and shareable anywhere.
A4: Color legend
A5: Input cell — type here (yellow fill, blue bold)
A6: Formula cell — never overwrite (black text)
A7: Cross-sheet link (green text)
A9: How to reuse this workbook
A10: 1. Go to Setup and pick your industry & process type — labels and defaults adapt everywhere.
A11: 2. Every sheet ships with a documented example dataset in the input cells. Study it, then replace it with your data.
A12: 3. Only ever type in yellow cells. Black cells are formulas; green cells pull from another sheet.
A13: 4. To extend a table, insert rows INSIDE the existing range and copy the formula row down.
A14: 5. Compatibility: only classic functions (INDEX/MATCH, SUMIFS, SUMPRODUCT, RANK) — works in old Excel and LibreOffice.
A16: Sheets in this workbook
A17: Setup | B17: Industry & process type — drives terminology and thresholds on every sheet.
A18: Workflow - Start Here | B18: Guided DMAIC sequence, mirroring the web app's playbook.
A19: SPC X-bar R | B19: Subgrouped control chart: limits from A2/D3/D4 constants, WE1 & WE4 flags, X-bar and R charts.
A20: I-MR | B20: Individuals & moving range chart for one-at-a-time measurements.
A21: Capability | B21: Cp/Cpk (within, R-bar/d2) and Pp/Ppk (overall) pulled live from the SPC sheet.
A22: OEE Log | B22: Daily availability x performance x quality with below-target flags and trend chart.
A24: What this workbook does NOT do (honest limits)
A25: • This workbook checks Western Electric rules 1 (beyond 3-sigma) and 4 (8 consecutive one side). The web app checks all four WE rules on every entry.
A26: • Charts reference the full 30-row input range; rows you have not filled yet can render as gaps or zeros depending on your spreadsheet app - a charting artifact, not data.
A27: • Control limits assume rational subgroups and approximate normality; with fewer than ~20 subgroups treat limits as preliminary.

Sheet Setup
A1: Setup — industry & process type
A2: Pick your industry and process type; terminology and defaults below adapt automatically and feed every other sheet.
A4: Industry | B4: Automotive
A5: Process type | B5: Discrete assembly
A7: Adapted terminology & defaults (formulas — do not type here)
A8: Defect term | B8: =INDEX($E$21:$L$28,MATCH($B$4,$D$21:$D$28,0),1) -> Defect
A9: Line term | B9: =INDEX($E$21:$L$28,MATCH($B$4,$D$21:$D$28,0),2) -> Line
A10: Unit term | B10: =INDEX($E$21:$L$28,MATCH($B$4,$D$21:$D$28,0),3) -> Unit
A11: Quality standard | B11: =INDEX($E$21:$L$28,MATCH($B$4,$D$21:$D$28,0),4) -> IATF 16949
A12: Cpk threshold | B12: =INDEX($E$21:$L$28,MATCH($B$4,$D$21:$D$28,0),5) -> 1.33
A13: OEE target | B13: =INDEX($E$21:$L$28,MATCH($B$4,$D$21:$D$28,0),6) -> 0.85
A14: NC repeat threshold | B14: =INDEX($E$21:$L$28,MATCH($B$4,$D$21:$D$28,0),7) -> 3
A15: RPN action threshold | B15: =INDEX($E$21:$L$28,MATCH($B$4,$D$21:$D$28,0),8) -> 100
A17: Other sheets read B8:B15 (green cells there = links to here).
D19: Terminology dictionary (edit to add industries)
D20: Industry | E20: Defect term | F20: Line term | G20: Unit term | H20: Quality standard | I20: Cpk thr | J20: OEE target | K20: NC repeat | L20: RPN action
D21: General manufacturing | E21: Defect | F21: Line | G21: Unit | H21: ISO 9001 | I21: 1.33 | J21: 0.85 | K21: 3 | L21: 100
D22: Automotive | E22: Defect | F22: Line | G22: Unit | H22: IATF 16949 | I22: 1.33 | J22: 0.85 | K22: 3 | L22: 100
D23: Aerospace & defense | E23: Non-conformity | F23: Line | G23: Unit | H23: AS9100 | I23: 1.67 | J23: 0.85 | K23: 2 | L23: 80
D24: Food & beverage | E24: Deviation | F24: Processing line | G24: Batch | H24: ISO 9001 / FSSC 22000 | I24: 1.33 | J24: 0.85 | K24: 3 | L24: 100
D25: Pharma / medical device | E25: Deviation | F25: Line | G25: Lot | H25: ISO 13485 / 21 CFR 820 | I25: 1.67 | J25: 0.85 | K25: 2 | L25: 80
D26: Electronics | E26: Defect | F26: SMT line | G26: Board | H26: ISO 9001 | I26: 1.33 | J26: 0.85 | K26: 3 | L26: 100
D27: Warehouse & logistics | E27: Error | F27: Pick line | G27: Order | H27: ISO 9001 | I27: 1.33 | J27: 0.75 | K27: 3 | L27: 100
D28: Construction | E28: Punch item | F28: Crew | G28: Task | H28: ISO 9001 | I28: 1.33 | J28: 0.75 | K28: 3 | L28: 100

Sheet Workflow - Start Here
A1: Guided workflow — Reduce defects (DMAIC)
A2: Mirrors the Procyra web app's guided playbook. Work top to bottom. The app suggests — your team decides; record decisions in the last column.
A4: Phase | B4: What to do | C4: Sheet to use | D4: Watch out for | E4: Team decision / notes (type here)
A5: Define | B5: Write the problem statement: one process, one measurable characteristic, one baseline metric. | C5: — | D5: Vague problem = unmeasurable improvement.
A6: Measure | B6: Log at least 20 subgroups on SPC X-bar R (or 20+ individuals on I-MR). | C6: SPC X-bar R / I-MR | D6: Log as it happens, not from memory. Keep subgroup size constant.
A7: Analyze | B7: Check WE flags and the Capability sheet against your industry Cpk threshold. | C7: Capability | D7: Cpk below threshold means the process can't hold spec even in control — fix the process, not the operator.
A8: Improve | B8: Implement the change; keep logging the SAME characteristic the SAME way. | C8: SPC X-bar R | D8: Changing the measurement method mid-study invalidates the comparison.
A9: Control | B9: Recalculate limits after the change proves stable; keep the chart alive. | C9: SPC X-bar R | D9: A control chart nobody updates is decoration.

Sheet SPC X-bar R
A1: X-bar & R control chart (subgrouped)
R2: Statistics
A3: Subgroup size n (2-5 measurement columns used) | B3: 5 | R3: X-double-bar | S3: =IF(COUNT($H$9:$H$38)=0,"",AVERAGE($H$9:$H$38)) -> 10.00309
A4: Type measurements in yellow x1..x5 (leave extra columns empty if n<5). Everything else computes. | R4: R-bar | S4: =IF(COUNT($I$9:$I$38)=0,"",AVERAGE($I$9:$I$38)) -> 0.02065
R5: A2 | S5: =INDEX($S$17:$S$25,MATCH($B$3,$R$17:$R$25,0)) -> 0.577
R6: D3 | S6: =INDEX($T$17:$T$25,MATCH($B$3,$R$17:$R$25,0)) -> 0
R7: D4 | S7: =INDEX($U$17:$U$25,MATCH($B$3,$R$17:$R$25,0)) -> 2.114
A8: Subgroup | B8: Date | C8: x1 | D8: x2 | E8: x3 | F8: x4 | G8: x5 | H8: Mean | I8: Range | J8: CL | K8: UCLx | L8: LCLx | M8: UCLr | N8: LCLr | O8: WE1 | P8: WE4 | R8: d2 | S8: =INDEX($V$17:$V$25,MATCH($B$3,$R$17:$R$25,0)) -> 2.326
A9: 1 | B9: 2026-06-01 | C9: 9.999 | D9: 9.998 | E9: 9.999 | F9: 10.007 | G9: 9.999 | H9: =IF(COUNT(C9:G9)=0,"",AVERAGE(C9:G9)) -> 10.0004 | I9: =IF(COUNT(C9:G9)=0,"",MAX(C9:G9)-MIN(C9:G9)) -> 0.009 | J9: =IF(ISNUMBER($H9),$S$3,"") -> 10.00309 | K9: =IF(ISNUMBER($H9),$S$9,"") -> 10.015005 | L9: =IF(ISNUMBER($H9),$S$10,"") -> 9.9911749 | M9: =IF(ISNUMBER($I9),$S$11,"") -> 0.0436541 | N9: =IF(ISNUMBER($I9),$S$12,"") -> 0 | O9: =IF(ISNUMBER($H9),IF(OR($H9>$S$9,$H9<$S$10),"WE1",""),"") | R9: UCLx | S9: =IF(OR($S$3="",$S$4=""),"",$S$3+$S$5*$S$4) -> 10.015005
A10: 2 | B10: 2026-06-02 | C10: 9.985 | D10: 10.003 | E10: 9.997 | F10: 9.998 | G10: 10.001 | H10: =IF(COUNT(C10:G10)=0,"",AVERAGE(C10:G10)) -> 9.9968 | I10: =IF(COUNT(C10:G10)=0,"",MAX(C10:G10)-MIN(C10:G10)) -> 0.018 | J10: =IF(ISNUMBER($H10),$S$3,"") -> 10.00309 | K10: =IF(ISNUMBER($H10),$S$9,"") -> 10.015005 | L10: =IF(ISNUMBER($H10),$S$10,"") -> 9.9911749 | M10: =IF(ISNUMBER($I10),$S$11,"") -> 0.0436541 | N10: =IF(ISNUMBER($I10),$S$12,"") -> 0 | O10: =IF(ISNUMBER($H10),IF(OR($H10>$S$9,$H10<$S$10),"WE1",""),"") | R10: LCLx | S10: =IF(OR($S$3="",$S$4=""),"",$S$3-$S$5*$S$4) -> 9.9911749
A11: 3 | B11: 2026-06-03 | C11: 10.002 | D11: 10.012 | E11: 10.007 | F11: 10.001 | G11: 9.993 | H11: =IF(COUNT(C11:G11)=0,"",AVERAGE(C11:G11)) -> 10.003 | I11: =IF(COUNT(C11:G11)=0,"",MAX(C11:G11)-MIN(C11:G11)) -> 0.019 | J11: =IF(ISNUMBER($H11),$S$3,"") -> 10.00309 | K11: =IF(ISNUMBER($H11),$S$9,"") -> 10.015005 | L11: =IF(ISNUMBER($H11),$S$10,"") -> 9.9911749 | M11: =IF(ISNUMBER($I11),$S$11,"") -> 0.0436541 | N11: =IF(ISNUMBER($I11),$S$12,"") -> 0 | O11: =IF(ISNUMBER($H11),IF(OR($H11>$S$9,$H11<$S$10),"WE1",""),"") | R11: UCLr | S11: =IF($S$4="","",$S$7*$S$4) -> 0.0436541
A12: 4 | B12: 2026-06-04 | C12: 9.99 | D12: 10.002 | E12: 10.013 | F12: 10 | G12: 9.999 | H12: =IF(COUNT(C12:G12)=0,"",AVERAGE(C12:G12)) -> 10.0008 | I12: =IF(COUNT(C12:G12)=0,"",MAX(C12:G12)-MIN(C12:G12)) -> 0.023 | J12: =IF(ISNUMBER($H12),$S$3,"") -> 10.00309 | K12: =IF(ISNUMBER($H12),$S$9,"") -> 10.015005 | L12: =IF(ISNUMBER($H12),$S$10,"") -> 9.9911749 | M12: =IF(ISNUMBER($I12),$S$11,"") -> 0.0436541 | N12: =IF(ISNUMBER($I12),$S$12,"") -> 0 | O12: =IF(ISNUMBER($H12),IF(OR($H12>$S$9,$H12<$S$10),"WE1",""),"") | R12: LCLr | S12: =IF($S$4="","",$S$6*$S$4) -> 0
A13: 5 | B13: 2026-06-05 | C13: 10.005 | D13: 9.985 | E13: 9.997 | F13: 10.005 | G13: 10.009 | H13: =IF(COUNT(C13:G13)=0,"",AVERAGE(C13:G13)) -> 10.0002 | I13: =IF(COUNT(C13:G13)=0,"",MAX(C13:G13)-MIN(C13:G13)) -> 0.024 | J13: =IF(ISNUMBER($H13),$S$3,"") -> 10.00309 | K13: =IF(ISNUMBER($H13),$S$9,"") -> 10.015005 | L13: =IF(ISNUMBER($H13),$S$10,"") -> 9.9911749 | M13: =IF(ISNUMBER($I13),$S$11,"") -> 0.0436541 | N13: =IF(ISNUMBER($I13),$S$12,"") -> 0 | O13: =IF(ISNUMBER($H13),IF(OR($H13>$S$9,$H13<$S$10),"WE1",""),"") | R13: sigma within (R-bar/d2) | S13: =IF($S$4="","",$S$4/$S$8) -> 0.008877902
A14: 6 | B14: 2026-06-06 | C14: 9.998 | D14: 10.004 | E14: 10.002 | F14: 10.008 | G14: 9.989 | H14: =IF(COUNT(C14:G14)=0,"",AVERAGE(C14:G14)) -> 10.0002 | I14: =IF(COUNT(C14:G14)=0,"",MAX(C14:G14)-MIN(C14:G14)) -> 0.019 | J14: =IF(ISNUMBER($H14),$S$3,"") -> 10.00309 | K14: =IF(ISNUMBER($H14),$S$9,"") -> 10.015005 | L14: =IF(ISNUMBER($H14),$S$10,"") -> 9.9911749 | M14: =IF(ISNUMBER($I14),$S$11,"") -> 0.0436541 | N14: =IF(ISNUMBER($I14),$S$12,"") -> 0 | O14: =IF(ISNUMBER($H14),IF(OR($H14>$S$9,$H14<$S$10),"WE1",""),"")
A15: 7 | B15: 2026-06-07 | C15: 10.006 | D15: 9.985 | E15: 9.974 | F15: 9.994 | G15: 9.991 | H15: =IF(COUNT(C15:G15)=0,"",AVERAGE(C15:G15)) -> 9.99 | I15: =IF(COUNT(C15:G15)=0,"",MAX(C15:G15)-MIN(C15:G15)) -> 0.032 | J15: =IF(ISNUMBER($H15),$S$3,"") -> 10.00309 | K15: =IF(ISNUMBER($H15),$S$9,"") -> 10.015005 | L15: =IF(ISNUMBER($H15),$S$10,"") -> 9.9911749 | M15: =IF(ISNUMBER($I15),$S$11,"") -> 0.0436541 | N15: =IF(ISNUMBER($I15),$S$12,"") -> 0 | O15: =IF(ISNUMBER($H15),IF(OR($H15>$S$9,$H15<$S$10),"WE1",""),"") -> WE1
A16: 8 | B16: 2026-06-08 | C16: 10.009 | D16: 10.007 | E16: 9.988 | F16: 10.008 | G16: 9.99 | H16: =IF(COUNT(C16:G16)=0,"",AVERAGE(C16:G16)) -> 10.0004 | I16: =IF(COUNT(C16:G16)=0,"",MAX(C16:G16)-MIN(C16:G16)) -> 0.021 | J16: =IF(ISNUMBER($H16),$S$3,"") -> 10.00309 | K16: =IF(ISNUMBER($H16),$S$9,"") -> 10.015005 | L16: =IF(ISNUMBER($H16),$S$10,"") -> 9.9911749 | M16: =IF(ISNUMBER($I16),$S$11,"") -> 0.0436541 | N16: =IF(ISNUMBER($I16),$S$12,"") -> 0 | O16: =IF(ISNUMBER($H16),IF(OR($H16>$S$9,$H16<$S$10),"WE1",""),"") | P16: =IF(COUNT(H9:H16)=8,IF(OR(COUNTIF(H9:H16,">"&$S$3)=8,COUNTIF(H9:H16,"<"&$S$3)=8),"WE4",""),"") -> WE4 | R16: n | S16: A2 | T16: D3 | U16: D4 | V16: d2
A17: 9 | B17: 2026-06-09 | C17: 9.999 | D17: 9.997 | E17: 10.001 | F17: 10.008 | G17: 10.006 | H17: =IF(COUNT(C17:G17)=0,"",AVERAGE(C17:G17)) -> 10.0022 | I17: =IF(COUNT(C17:G17)=0,"",MAX(C17:G17)-MIN(C17:G17)) -> 0.011 | J17: =IF(ISNUMBER($H17),$S$3,"") -> 10.00309 | K17: =IF(ISNUMBER($H17),$S$9,"") -> 10.015005 | L17: =IF(ISNUMBER($H17),$S$10,"") -> 9.9911749 | M17: =IF(ISNUMBER($I17),$S$11,"") -> 0.0436541 | N17: =IF(ISNUMBER($I17),$S$12,"") -> 0 | O17: =IF(ISNUMBER($H17),IF(OR($H17>$S$9,$H17<$S$10),"WE1",""),"") | P17: =IF(COUNT(H10:H17)=8,IF(OR(COUNTIF(H10:H17,">"&$S$3)=8,COUNTIF(H10:H17,"<"&$S$3)=8),"WE4",""),"") -> WE4 | R17: 2 | S17: 1.88 | T17: 0 | U17: 3.267 | V17: 1.128
A18: 10 | B18: 2026-06-10 | C18: 10.003 | D18: 10.006 | E18: 10.005 | F18: 9.994 | G18: 9.993 | H18: =IF(COUNT(C18:G18)=0,"",AVERAGE(C18:G18)) -> 10.0002 | I18: =IF(COUNT(C18:G18)=0,"",MAX(C18:G18)-MIN(C18:G18)) -> 0.013 | J18: =IF(ISNUMBER($H18),$S$3,"") -> 10.00309 | K18: =IF(ISNUMBER($H18),$S$9,"") -> 10.015005 | L18: =IF(ISNUMBER($H18),$S$10,"") -> 9.9911749 | M18: =IF(ISNUMBER($I18),$S$11,"") -> 0.0436541 | N18: =IF(ISNUMBER($I18),$S$12,"") -> 0 | O18: =IF(ISNUMBER($H18),IF(OR($H18>$S$9,$H18<$S$10),"WE1",""),"") | P18: =IF(COUNT(H11:H18)=8,IF(OR(COUNTIF(H11:H18,">"&$S$3)=8,COUNTIF(H11:H18,"<"&$S$3)=8),"WE4",""),"") -> WE4 | R18: 3 | S18: 1.023 | T18: 0 | U18: 2.574 | V18: 1.693
A19: 11 | B19: 2026-06-11 | C19: 9.995 | D19: 10.005 | E19: 9.997 | F19: 10.023 | G19: 9.992 | H19: =IF(COUNT(C19:G19)=0,"",AVERAGE(C19:G19)) -> 10.0024 | I19: =IF(COUNT(C19:G19)=0,"",MAX(C19:G19)-MIN(C19:G19)) -> 0.031 | J19: =IF(ISNUMBER($H19),$S$3,"") -> 10.00309 | K19: =IF(ISNUMBER($H19),$S$9,"") -> 10.015005 | L19: =IF(ISNUMBER($H19),$S$10,"") -> 9.9911749 | M19: =IF(ISNUMBER($I19),$S$11,"") -> 0.0436541 | N19: =IF(ISNUMBER($I19),$S$12,"") -> 0 | O19: =IF(ISNUMBER($H19),IF(OR($H19>$S$9,$H19<$S$10),"WE1",""),"") | P19: =IF(COUNT(H12:H19)=8,IF(OR(COUNTIF(H12:H19,">"&$S$3)=8,COUNTIF(H12:H19,"<"&$S$3)=8),"WE4",""),"") -> WE4 | R19: 4 | S19: 0.729 | T19: 0 | U19: 2.282 | V19: 2.059
A20: 12 | B20: 2026-06-12 | C20: 9.989 | D20: 10.008 | E20: 10.014 | F20: 10.005 | G20: 10.008 | H20: =IF(COUNT(C20:G20)=0,"",AVERAGE(C20:G20)) -> 10.0048 | I20: =IF(COUNT(C20:G20)=0,"",MAX(C20:G20)-MIN(C20:G20)) -> 0.025 | J20: =IF(ISNUMBER($H20),$S$3,"") -> 10.00309 | K20: =IF(ISNUMBER($H20),$S$9,"") -> 10.015005 | L20: =IF(ISNUMBER($H20),$S$10,"") -> 9.9911749 | M20: =IF(ISNUMBER($I20),$S$11,"") -> 0.0436541 | N20: =IF(ISNUMBER($I20),$S$12,"") -> 0 | O20: =IF(ISNUMBER($H20),IF(OR($H20>$S$9,$H20<$S$10),"WE1",""),"") | P20: =IF(COUNT(H13:H20)=8,IF(OR(COUNTIF(H13:H20,">"&$S$3)=8,COUNTIF(H13:H20,"<"&$S$3)=8),"WE4",""),"") | R20: 5 | S20: 0.577 | T20: 0 | U20: 2.114 | V20: 2.326
A21: 13 | B21: 2026-06-13 | C21: 10.014 | D21: 9.999 | E21: 9.986 | F21: 9.995 | G21: 10.01 | H21: =IF(COUNT(C21:G21)=0,"",AVERAGE(C21:G21)) -> 10.0008 | I21: =IF(COUNT(C21:G21)=0,"",MAX(C21:G21)-MIN(C21:G21)) -> 0.028 | J21: =IF(ISNUMBER($H21),$S$3,"") -> 10.00309 | K21: =IF(ISNUMBER($H21),$S$9,"") -> 10.015005 | L21: =IF(ISNUMBER($H21),$S$10,"") -> 9.9911749 | M21: =IF(ISNUMBER($I21),$S$11,"") -> 0.0436541 | N21: =IF(ISNUMBER($I21),$S$12,"") -> 0 | O21: =IF(ISNUMBER($H21),IF(OR($H21>$S$9,$H21<$S$10),"WE1",""),"") | P21: =IF(COUNT(H14:H21)=8,IF(OR(COUNTIF(H14:H21,">"&$S$3)=8,COUNTIF(H14:H21,"<"&$S$3)=8),"WE4",""),"") | R21: 6 | S21: 0.483 | T21: 0 | U21: 2.004 | V21: 2.534
A22: 14 | B22: 2026-06-14 | C22: 9.986 | D22: 10 | E22: 10.003 | F22: 9.997 | G22: 10.007 | H22: =IF(COUNT(C22:G22)=0,"",AVERAGE(C22:G22)) -> 9.9986 | I22: =IF(COUNT(C22:G22)=0,"",MAX(C22:G22)-MIN(C22:G22)) -> 0.021 | J22: =IF(ISNUMBER($H22),$S$3,"") -> 10.00309 | K22: =IF(ISNUMBER($H22),$S$9,"") -> 10.015005 | L22: =IF(ISNUMBER($H22),$S$10,"") -> 9.9911749 | M22: =IF(ISNUMBER($I22),$S$11,"") -> 0.0436541 | N22: =IF(ISNUMBER($I22),$S$12,"") -> 0 | O22: =IF(ISNUMBER($H22),IF(OR($H22>$S$9,$H22<$S$10),"WE1",""),"") | P22: =IF(COUNT(H15:H22)=8,IF(OR(COUNTIF(H15:H22,">"&$S$3)=8,COUNTIF(H15:H22,"<"&$S$3)=8),"WE4",""),"") | R22: 7 | S22: 0.419 | T22: 0.076 | U22: 1.924 | V22: 2.704
A23: 15 | B23: 2026-06-15 | C23: 10.056 | D23: 10.073 | E23: 10.056 | F23: 10.044 | G23: 10.044 | H23: =IF(COUNT(C23:G23)=0,"",AVERAGE(C23:G23)) -> 10.0546 | I23: =IF(COUNT(C23:G23)=0,"",MAX(C23:G23)-MIN(C23:G23)) -> 0.029 | J23: =IF(ISNUMBER($H23),$S$3,"") -> 10.00309 | K23: =IF(ISNUMBER($H23),$S$9,"") -> 10.015005 | L23: =IF(ISNUMBER($H23),$S$10,"") -> 9.9911749 | M23: =IF(ISNUMBER($I23),$S$11,"") -> 0.0436541 | N23: =IF(ISNUMBER($I23),$S$12,"") -> 0 | O23: =IF(ISNUMBER($H23),IF(OR($H23>$S$9,$H23<$S$10),"WE1",""),"") -> WE1 | P23: =IF(COUNT(H16:H23)=8,IF(OR(COUNTIF(H16:H23,">"&$S$3)=8,COUNTIF(H16:H23,"<"&$S$3)=8),"WE4",""),"") | R23: 8 | S23: 0.373 | T23: 0.136 | U23: 1.864 | V23: 2.847
A24: 16 | B24: 2026-06-16 | C24: 9.992 | D24: 10.01 | E24: 9.994 | F24: 9.999 | G24: 10.007 | H24: =IF(COUNT(C24:G24)=0,"",AVERAGE(C24:G24)) -> 10.0004 | I24: =IF(COUNT(C24:G24)=0,"",MAX(C24:G24)-MIN(C24:G24)) -> 0.018 | J24: =IF(ISNUMBER($H24),$S$3,"") -> 10.00309 | K24: =IF(ISNUMBER($H24),$S$9,"") -> 10.015005 | L24: =IF(ISNUMBER($H24),$S$10,"") -> 9.9911749 | M24: =IF(ISNUMBER($I24),$S$11,"") -> 0.0436541 | N24: =IF(ISNUMBER($I24),$S$12,"") -> 0 | O24: =IF(ISNUMBER($H24),IF(OR($H24>$S$9,$H24<$S$10),"WE1",""),"") | P24: =IF(COUNT(H17:H24)=8,IF(OR(COUNTIF(H17:H24,">"&$S$3)=8,COUNTIF(H17:H24,"<"&$S$3)=8),"WE4",""),"") | R24: 9 | S24: 0.337 | T24: 0.184 | U24: 1.816 | V24: 2.97
A25: 17 | B25: 2026-06-17 | C25: 9.993 | D25: 9.997 | E25: 9.982 | F25: 9.989 | G25: 9.994 | H25: =IF(COUNT(C25:G25)=0,"",AVERAGE(C25:G25)) -> 9.991 | I25: =IF(COUNT(C25:G25)=0,"",MAX(C25:G25)-MIN(C25:G25)) -> 0.015 | J25: =IF(ISNUMBER($H25),$S$3,"") -> 10.00309 | K25: =IF(ISNUMBER($H25),$S$9,"") -> 10.015005 | L25: =IF(ISNUMBER($H25),$S$10,"") -> 9.9911749 | M25: =IF(ISNUMBER($I25),$S$11,"") -> 0.0436541 | N25: =IF(ISNUMBER($I25),$S$12,"") -> 0 | O25: =IF(ISNUMBER($H25),IF(OR($H25>$S$9,$H25<$S$10),"WE1",""),"") -> WE1 | P25: =IF(COUNT(H18:H25)=8,IF(OR(COUNTIF(H18:H25,">"&$S$3)=8,COUNTIF(H18:H25,"<"&$S$3)=8),"WE4",""),"") | R25: 10 | S25: 0.308 | T25: 0.223 | U25: 1.777 | V25: 3.078
A26: 18 | B26: 2026-06-18 | C26: 10.004 | D26: 10.012 | E26: 10 | F26: 10.003 | G26: 10.002 | H26: =IF(COUNT(C26:G26)=0,"",AVERAGE(C26:G26)) -> 10.0042 | I26: =IF(COUNT(C26:G26)=0,"",MAX(C26:G26)-MIN(C26:G26)) -> 0.012 | J26: =IF(ISNUMBER($H26),$S$3,"") -> 10.00309 | K26: =IF(ISNUMBER($H26),$S$9,"") -> 10.015005 | L26: =IF(ISNUMBER($H26),$S$10,"") -> 9.9911749 | M26: =IF(ISNUMBER($I26),$S$11,"") -> 0.0436541 | N26: =IF(ISNUMBER($I26),$S$12,"") -> 0 | O26: =IF(ISNUMBER($H26),IF(OR($H26>$S$9,$H26<$S$10),"WE1",""),"") | P26: =IF(COUNT(H19:H26)=8,IF(OR(COUNTIF(H19:H26,">"&$S$3)=8,COUNTIF(H19:H26,"<"&$S$3)=8),"WE4",""),"")
A27: 19 | B27: 2026-06-19 | C27: 10.011 | D27: 10.009 | E27: 10.003 | F27: 9.99 | G27: 10.009 | H27: =IF(COUNT(C27:G27)=0,"",AVERAGE(C27:G27)) -> 10.0044 | I27: =IF(COUNT(C27:G27)=0,"",MAX(C27:G27)-MIN(C27:G27)) -> 0.021 | J27: =IF(ISNUMBER($H27),$S$3,"") -> 10.00309 | K27: =IF(ISNUMBER($H27),$S$9,"") -> 10.015005 | L27: =IF(ISNUMBER($H27),$S$10,"") -> 9.9911749 | M27: =IF(ISNUMBER($I27),$S$11,"") -> 0.0436541 | N27: =IF(ISNUMBER($I27),$S$12,"") -> 0 | O27: =IF(ISNUMBER($H27),IF(OR($H27>$S$9,$H27<$S$10),"WE1",""),"") | P27: =IF(COUNT(H20:H27)=8,IF(OR(COUNTIF(H20:H27,">"&$S$3)=8,COUNTIF(H20:H27,"<"&$S$3)=8),"WE4",""),"")
A28: 20 | B28: 2026-06-20 | C28: 10.004 | D28: 10.012 | E28: 10 | F28: 10.02 | G28: 9.996 | H28: =IF(COUNT(C28:G28)=0,"",AVERAGE(C28:G28)) -> 10.0064 | I28: =IF(COUNT(C28:G28)=0,"",MAX(C28:G28)-MIN(C28:G28)) -> 0.024 | J28: =IF(ISNUMBER($H28),$S$3,"") -> 10.00309 | K28: =IF(ISNUMBER($H28),$S$9,"") -> 10.015005 | L28: =IF(ISNUMBER($H28),$S$10,"") -> 9.9911749 | M28: =IF(ISNUMBER($I28),$S$11,"") -> 0.0436541 | N28: =IF(ISNUMBER($I28),$S$12,"") -> 0 | O28: =IF(ISNUMBER($H28),IF(OR($H28>$S$9,$H28<$S$10),"WE1",""),"") | P28: =IF(COUNT(H21:H28)=8,IF(OR(COUNTIF(H21:H28,">"&$S$3)=8,COUNTIF(H21:H28,"<"&$S$3)=8),"WE4",""),"")
H29: =IF(COUNT(C29:G29)=0,"",AVERAGE(C29:G29)) | I29: =IF(COUNT(C29:G29)=0,"",MAX(C29:G29)-MIN(C29:G29)) | J29: =IF(ISNUMBER($H29),$S$3,"") | K29: =IF(ISNUMBER($H29),$S$9,"") | L29: =IF(ISNUMBER($H29),$S$10,"") | M29: =IF(ISNUMBER($I29),$S$11,"") | N29: =IF(ISNUMBER($I29),$S$12,"") | O29: =IF(ISNUMBER($H29),IF(OR($H29>$S$9,$H29<$S$10),"WE1",""),"") | P29: =IF(COUNT(H22:H29)=8,IF(OR(COUNTIF(H22:H29,">"&$S$3)=8,COUNTIF(H22:H29,"<"&$S$3)=8),"WE4",""),"")
H30: =IF(COUNT(C30:G30)=0,"",AVERAGE(C30:G30)) | I30: =IF(COUNT(C30:G30)=0,"",MAX(C30:G30)-MIN(C30:G30)) | J30: =IF(ISNUMBER($H30),$S$3,"") | K30: =IF(ISNUMBER($H30),$S$9,"") | L30: =IF(ISNUMBER($H30),$S$10,"") | M30: =IF(ISNUMBER($I30),$S$11,"") | N30: =IF(ISNUMBER($I30),$S$12,"") | O30: =IF(ISNUMBER($H30),IF(OR($H30>$S$9,$H30<$S$10),"WE1",""),"") | P30: =IF(COUNT(H23:H30)=8,IF(OR(COUNTIF(H23:H30,">"&$S$3)=8,COUNTIF(H23:H30,"<"&$S$3)=8),"WE4",""),"")
H31: =IF(COUNT(C31:G31)=0,"",AVERAGE(C31:G31)) | I31: =IF(COUNT(C31:G31)=0,"",MAX(C31:G31)-MIN(C31:G31)) | J31: =IF(ISNUMBER($H31),$S$3,"") | K31: =IF(ISNUMBER($H31),$S$9,"") | L31: =IF(ISNUMBER($H31),$S$10,"") | M31: =IF(ISNUMBER($I31),$S$11,"") | N31: =IF(ISNUMBER($I31),$S$12,"") | O31: =IF(ISNUMBER($H31),IF(OR($H31>$S$9,$H31<$S$10),"WE1",""),"") | P31: =IF(COUNT(H24:H31)=8,IF(OR(COUNTIF(H24:H31,">"&$S$3)=8,COUNTIF(H24:H31,"<"&$S$3)=8),"WE4",""),"")
H32: =IF(COUNT(C32:G32)=0,"",AVERAGE(C32:G32)) | I32: =IF(COUNT(C32:G32)=0,"",MAX(C32:G32)-MIN(C32:G32)) | J32: =IF(ISNUMBER($H32),$S$3,"") | K32: =IF(ISNUMBER($H32),$S$9,"") | L32: =IF(ISNUMBER($H32),$S$10,"") | M32: =IF(ISNUMBER($I32),$S$11,"") | N32: =IF(ISNUMBER($I32),$S$12,"") | O32: =IF(ISNUMBER($H32),IF(OR($H32>$S$9,$H32<$S$10),"WE1",""),"") | P32: =IF(COUNT(H25:H32)=8,IF(OR(COUNTIF(H25:H32,">"&$S$3)=8,COUNTIF(H25:H32,"<"&$S$3)=8),"WE4",""),"")
H33: =IF(COUNT(C33:G33)=0,"",AVERAGE(C33:G33)) | I33: =IF(COUNT(C33:G33)=0,"",MAX(C33:G33)-MIN(C33:G33)) | J33: =IF(ISNUMBER($H33),$S$3,"") | K33: =IF(ISNUMBER($H33),$S$9,"") | L33: =IF(ISNUMBER($H33),$S$10,"") | M33: =IF(ISNUMBER($I33),$S$11,"") | N33: =IF(ISNUMBER($I33),$S$12,"") | O33: =IF(ISNUMBER($H33),IF(OR($H33>$S$9,$H33<$S$10),"WE1",""),"") | P33: =IF(COUNT(H26:H33)=8,IF(OR(COUNTIF(H26:H33,">"&$S$3)=8,COUNTIF(H26:H33,"<"&$S$3)=8),"WE4",""),"")
H34: =IF(COUNT(C34:G34)=0,"",AVERAGE(C34:G34)) | I34: =IF(COUNT(C34:G34)=0,"",MAX(C34:G34)-MIN(C34:G34)) | J34: =IF(ISNUMBER($H34),$S$3,"") | K34: =IF(ISNUMBER($H34),$S$9,"") | L34: =IF(ISNUMBER($H34),$S$10,"") | M34: =IF(ISNUMBER($I34),$S$11,"") | N34: =IF(ISNUMBER($I34),$S$12,"") | O34: =IF(ISNUMBER($H34),IF(OR($H34>$S$9,$H34<$S$10),"WE1",""),"") | P34: =IF(COUNT(H27:H34)=8,IF(OR(COUNTIF(H27:H34,">"&$S$3)=8,COUNTIF(H27:H34,"<"&$S$3)=8),"WE4",""),"")
H35: =IF(COUNT(C35:G35)=0,"",AVERAGE(C35:G35)) | I35: =IF(COUNT(C35:G35)=0,"",MAX(C35:G35)-MIN(C35:G35)) | J35: =IF(ISNUMBER($H35),$S$3,"") | K35: =IF(ISNUMBER($H35),$S$9,"") | L35: =IF(ISNUMBER($H35),$S$10,"") | M35: =IF(ISNUMBER($I35),$S$11,"") | N35: =IF(ISNUMBER($I35),$S$12,"") | O35: =IF(ISNUMBER($H35),IF(OR($H35>$S$9,$H35<$S$10),"WE1",""),"") | P35: =IF(COUNT(H28:H35)=8,IF(OR(COUNTIF(H28:H35,">"&$S$3)=8,COUNTIF(H28:H35,"<"&$S$3)=8),"WE4",""),"")
H36: =IF(COUNT(C36:G36)=0,"",AVERAGE(C36:G36)) | I36: =IF(COUNT(C36:G36)=0,"",MAX(C36:G36)-MIN(C36:G36)) | J36: =IF(ISNUMBER($H36),$S$3,"") | K36: =IF(ISNUMBER($H36),$S$9,"") | L36: =IF(ISNUMBER($H36),$S$10,"") | M36: =IF(ISNUMBER($I36),$S$11,"") | N36: =IF(ISNUMBER($I36),$S$12,"") | O36: =IF(ISNUMBER($H36),IF(OR($H36>$S$9,$H36<$S$10),"WE1",""),"") | P36: =IF(COUNT(H29:H36)=8,IF(OR(COUNTIF(H29:H36,">"&$S$3)=8,COUNTIF(H29:H36,"<"&$S$3)=8),"WE4",""),"")
H37: =IF(COUNT(C37:G37)=0,"",AVERAGE(C37:G37)) | I37: =IF(COUNT(C37:G37)=0,"",MAX(C37:G37)-MIN(C37:G37)) | J37: =IF(ISNUMBER($H37),$S$3,"") | K37: =IF(ISNUMBER($H37),$S$9,"") | L37: =IF(ISNUMBER($H37),$S$10,"") | M37: =IF(ISNUMBER($I37),$S$11,"") | N37: =IF(ISNUMBER($I37),$S$12,"") | O37: =IF(ISNUMBER($H37),IF(OR($H37>$S$9,$H37<$S$10),"WE1",""),"") | P37: =IF(COUNT(H30:H37)=8,IF(OR(COUNTIF(H30:H37,">"&$S$3)=8,COUNTIF(H30:H37,"<"&$S$3)=8),"WE4",""),"")
H38: =IF(COUNT(C38:G38)=0,"",AVERAGE(C38:G38)) | I38: =IF(COUNT(C38:G38)=0,"",MAX(C38:G38)-MIN(C38:G38)) | J38: =IF(ISNUMBER($H38),$S$3,"") | K38: =IF(ISNUMBER($H38),$S$9,"") | L38: =IF(ISNUMBER($H38),$S$10,"") | M38: =IF(ISNUMBER($I38),$S$11,"") | N38: =IF(ISNUMBER($I38),$S$12,"") | O38: =IF(ISNUMBER($H38),IF(OR($H38>$S$9,$H38<$S$10),"WE1",""),"") | P38: =IF(COUNT(H31:H38)=8,IF(OR(COUNTIF(H31:H38,">"&$S$3)=8,COUNTIF(H31:H38,"<"&$S$3)=8),"WE4",""),"")
A40: Charts plot all 30 input rows. Unfilled rows can show as gaps or zeros depending on your app — charting artifact, not data. WE1 = point beyond 3-sigma; WE4 = 8 consecutive one side of CL (the web app also checks WE2/WE3).

Sheet I-MR
A1: Individuals & moving range chart
A3: For one-at-a-time measurements (no rational subgroups). Type values in yellow; MR, limits, and flags compute. | I3: Statistics
I4: X-bar | J4: =IF(COUNT($B$6:$B$35)=0,"",AVERAGE($B$6:$B$35)) -> 10.00905
A5: Date | B5: Value | C5: MR | D5: CL | E5: UCL | F5: LCL | G5: WE1 | I5: MR-bar | J5: =IF(COUNT($C$7:$C$35)=0,"",AVERAGE($C$7:$C$35)) -> 0.032421053
A6: 2026-06-01 | B6: 10.032 | D6: =IF(ISNUMBER($B6),$J$4,"") -> 10.00905 | E6: =IF(ISNUMBER($B6),$J$7,"") -> 10.095276 | F6: =IF(ISNUMBER($B6),$J$8,"") -> 9.9228238 | G6: =IF(ISNUMBER($B6),IF(OR($B6>$J$7,$B6<$J$8),"WE1",""),"") | I6: sigma (MR-bar/1.128) | J6: =IF($J$5="","",$J$5/1.128) -> 0.028742068
A7: 2026-06-02 | B7: 10.002 | C7: =IF(AND(ISNUMBER($B7),ISNUMBER($B6)),ABS($B7-$B6),"") -> 0.03 | D7: =IF(ISNUMBER($B7),$J$4,"") -> 10.00905 | E7: =IF(ISNUMBER($B7),$J$7,"") -> 10.095276 | F7: =IF(ISNUMBER($B7),$J$8,"") -> 9.9228238 | G7: =IF(ISNUMBER($B7),IF(OR($B7>$J$7,$B7<$J$8),"WE1",""),"") | I7: UCL (X+3s) | J7: =IF(OR($J$4="",$J$6=""),"",$J$4+3*$J$6) -> 10.095276
A8: 2026-06-03 | B8: 9.99 | C8: =IF(AND(ISNUMBER($B8),ISNUMBER($B7)),ABS($B8-$B7),"") -> 0.012 | D8: =IF(ISNUMBER($B8),$J$4,"") -> 10.00905 | E8: =IF(ISNUMBER($B8),$J$7,"") -> 10.095276 | F8: =IF(ISNUMBER($B8),$J$8,"") -> 9.9228238 | G8: =IF(ISNUMBER($B8),IF(OR($B8>$J$7,$B8<$J$8),"WE1",""),"") | I8: LCL (X-3s) | J8: =IF(OR($J$4="",$J$6=""),"",$J$4-3*$J$6) -> 9.9228238
A9: 2026-06-04 | B9: 9.977 | C9: =IF(AND(ISNUMBER($B9),ISNUMBER($B8)),ABS($B9-$B8),"") -> 0.013 | D9: =IF(ISNUMBER($B9),$J$4,"") -> 10.00905 | E9: =IF(ISNUMBER($B9),$J$7,"") -> 10.095276 | F9: =IF(ISNUMBER($B9),$J$8,"") -> 9.9228238 | G9: =IF(ISNUMBER($B9),IF(OR($B9>$J$7,$B9<$J$8),"WE1",""),"") | I9: UCL-MR (3.267*MR-bar) | J9: =IF($J$5="","",3.267*$J$5) -> 0.10591958
A10: 2026-06-05 | B10: 9.997 | C10: =IF(AND(ISNUMBER($B10),ISNUMBER($B9)),ABS($B10-$B9),"") -> 0.02 | D10: =IF(ISNUMBER($B10),$J$4,"") -> 10.00905 | E10: =IF(ISNUMBER($B10),$J$7,"") -> 10.095276 | F10: =IF(ISNUMBER($B10),$J$8,"") -> 9.9228238 | G10: =IF(ISNUMBER($B10),IF(OR($B10>$J$7,$B10<$J$8),"WE1",""),"")
A11: 2026-06-06 | B11: 10.028 | C11: =IF(AND(ISNUMBER($B11),ISNUMBER($B10)),ABS($B11-$B10),"") -> 0.031 | D11: =IF(ISNUMBER($B11),$J$4,"") -> 10.00905 | E11: =IF(ISNUMBER($B11),$J$7,"") -> 10.095276 | F11: =IF(ISNUMBER($B11),$J$8,"") -> 9.9228238 | G11: =IF(ISNUMBER($B11),IF(OR($B11>$J$7,$B11<$J$8),"WE1",""),"")
A12: 2026-06-07 | B12: 10.016 | C12: =IF(AND(ISNUMBER($B12),ISNUMBER($B11)),ABS($B12-$B11),"") -> 0.012 | D12: =IF(ISNUMBER($B12),$J$4,"") -> 10.00905 | E12: =IF(ISNUMBER($B12),$J$7,"") -> 10.095276 | F12: =IF(ISNUMBER($B12),$J$8,"") -> 9.9228238 | G12: =IF(ISNUMBER($B12),IF(OR($B12>$J$7,$B12<$J$8),"WE1",""),"")
A13: 2026-06-08 | B13: 10.014 | C13: =IF(AND(ISNUMBER($B13),ISNUMBER($B12)),ABS($B13-$B12),"") -> 0.002 | D13: =IF(ISNUMBER($B13),$J$4,"") -> 10.00905 | E13: =IF(ISNUMBER($B13),$J$7,"") -> 10.095276 | F13: =IF(ISNUMBER($B13),$J$8,"") -> 9.9228238 | G13: =IF(ISNUMBER($B13),IF(OR($B13>$J$7,$B13<$J$8),"WE1",""),"")
A14: 2026-06-09 | B14: 9.952 | C14: =IF(AND(ISNUMBER($B14),ISNUMBER($B13)),ABS($B14-$B13),"") -> 0.062 | D14: =IF(ISNUMBER($B14),$J$4,"") -> 10.00905 | E14: =IF(ISNUMBER($B14),$J$7,"") -> 10.095276 | F14: =IF(ISNUMBER($B14),$J$8,"") -> 9.9228238 | G14: =IF(ISNUMBER($B14),IF(OR($B14>$J$7,$B14<$J$8),"WE1",""),"")
A15: 2026-06-10 | B15: 10.014 | C15: =IF(AND(ISNUMBER($B15),ISNUMBER($B14)),ABS($B15-$B14),"") -> 0.062 | D15: =IF(ISNUMBER($B15),$J$4,"") -> 10.00905 | E15: =IF(ISNUMBER($B15),$J$7,"") -> 10.095276 | F15: =IF(ISNUMBER($B15),$J$8,"") -> 9.9228238 | G15: =IF(ISNUMBER($B15),IF(OR($B15>$J$7,$B15<$J$8),"WE1",""),"")
A16: 2026-06-11 | B16: 10.011 | C16: =IF(AND(ISNUMBER($B16),ISNUMBER($B15)),ABS($B16-$B15),"") -> 0.003 | D16: =IF(ISNUMBER($B16),$J$4,"") -> 10.00905 | E16: =IF(ISNUMBER($B16),$J$7,"") -> 10.095276 | F16: =IF(ISNUMBER($B16),$J$8,"") -> 9.9228238 | G16: =IF(ISNUMBER($B16),IF(OR($B16>$J$7,$B16<$J$8),"WE1",""),"")
A17: 2026-06-12 | B17: 9.989 | C17: =IF(AND(ISNUMBER($B17),ISNUMBER($B16)),ABS($B17-$B16),"") -> 0.022 | D17: =IF(ISNUMBER($B17),$J$4,"") -> 10.00905 | E17: =IF(ISNUMBER($B17),$J$7,"") -> 10.095276 | F17: =IF(ISNUMBER($B17),$J$8,"") -> 9.9228238 | G17: =IF(ISNUMBER($B17),IF(OR($B17>$J$7,$B17<$J$8),"WE1",""),"")
A18: 2026-06-13 | B18: 9.987 | C18: =IF(AND(ISNUMBER($B18),ISNUMBER($B17)),ABS($B18-$B17),"") -> 0.002 | D18: =IF(ISNUMBER($B18),$J$4,"") -> 10.00905 | E18: =IF(ISNUMBER($B18),$J$7,"") -> 10.095276 | F18: =IF(ISNUMBER($B18),$J$8,"") -> 9.9228238 | G18: =IF(ISNUMBER($B18),IF(OR($B18>$J$7,$B18<$J$8),"WE1",""),"")
A19: 2026-06-14 | B19: 10 | C19: =IF(AND(ISNUMBER($B19),ISNUMBER($B18)),ABS($B19-$B18),"") -> 0.013 | D19: =IF(ISNUMBER($B19),$J$4,"") -> 10.00905 | E19: =IF(ISNUMBER($B19),$J$7,"") -> 10.095276 | F19: =IF(ISNUMBER($B19),$J$8,"") -> 9.9228238 | G19: =IF(ISNUMBER($B19),IF(OR($B19>$J$7,$B19<$J$8),"WE1",""),"")
A20: 2026-06-15 | B20: 10.034 | C20: =IF(AND(ISNUMBER($B20),ISNUMBER($B19)),ABS($B20-$B19),"") -> 0.034 | D20: =IF(ISNUMBER($B20),$J$4,"") -> 10.00905 | E20: =IF(ISNUMBER($B20),$J$7,"") -> 10.095276 | F20: =IF(ISNUMBER($B20),$J$8,"") -> 9.9228238 | G20: =IF(ISNUMBER($B20),IF(OR($B20>$J$7,$B20<$J$8),"WE1",""),"")
A21: 2026-06-16 | B21: 9.979 | C21: =IF(AND(ISNUMBER($B21),ISNUMBER($B20)),ABS($B21-$B20),"") -> 0.055 | D21: =IF(ISNUMBER($B21),$J$4,"") -> 10.00905 | E21: =IF(ISNUMBER($B21),$J$7,"") -> 10.095276 | F21: =IF(ISNUMBER($B21),$J$8,"") -> 9.9228238 | G21: =IF(ISNUMBER($B21),IF(OR($B21>$J$7,$B21<$J$8),"WE1",""),"")
... A25: 2026-06-20 | B25: 10.15 | C25: =IF(AND(ISNUMBER($B25),ISNUMBER($B24)),ABS($B25-$B24),"") -> 0.159 | D25: =IF(ISNUMBER($B25),$J$4,"") -> 10.00905 | E25: =IF(ISNUMBER($B25),$J$7,"") -> 10.095276 | F25: =IF(ISNUMBER($B25),$J$8,"") -> 9.9228238 | G25: =IF(ISNUMBER($B25),IF(OR($B25>$J$7,$B25<$J$8),"WE1",""),"") -> WE1
C26: =IF(AND(ISNUMBER($B26),ISNUMBER($B25)),ABS($B26-$B25),"") | D26: =IF(ISNUMBER($B26),$J$4,"") | E26: =IF(ISNUMBER($B26),$J$7,"") | F26: =IF(ISNUMBER($B26),$J$8,"") | G26: =IF(ISNUMBER($B26),IF(OR($B26>$J$7,$B26<$J$8),"WE1",""),"")
C27: =IF(AND(ISNUMBER($B27),ISNUMBER($B26)),ABS($B27-$B26),"") | D27: =IF(ISNUMBER($B27),$J$4,"") | E27: =IF(ISNUMBER($B27),$J$7,"") | F27: =IF(ISNUMBER($B27),$J$8,"") | G27: =IF(ISNUMBER($B27),IF(OR($B27>$J$7,$B27<$J$8),"WE1",""),"")
C28: =IF(AND(ISNUMBER($B28),ISNUMBER($B27)),ABS($B28-$B27),"") | D28: =IF(ISNUMBER($B28),$J$4,"") | E28: =IF(ISNUMBER($B28),$J$7,"") | F28: =IF(ISNUMBER($B28),$J$8,"") | G28: =IF(ISNUMBER($B28),IF(OR($B28>$J$7,$B28<$J$8),"WE1",""),"")
C29: =IF(AND(ISNUMBER($B29),ISNUMBER($B28)),ABS($B29-$B28),"") | D29: =IF(ISNUMBER($B29),$J$4,"") | E29: =IF(ISNUMBER($B29),$J$7,"") | F29: =IF(ISNUMBER($B29),$J$8,"") | G29: =IF(ISNUMBER($B29),IF(OR($B29>$J$7,$B29<$J$8),"WE1",""),"")
C30: =IF(AND(ISNUMBER($B30),ISNUMBER($B29)),ABS($B30-$B29),"") | D30: =IF(ISNUMBER($B30),$J$4,"") | E30: =IF(ISNUMBER($B30),$J$7,"") | F30: =IF(ISNUMBER($B30),$J$8,"") | G30: =IF(ISNUMBER($B30),IF(OR($B30>$J$7,$B30<$J$8),"WE1",""),"")
C31: =IF(AND(ISNUMBER($B31),ISNUMBER($B30)),ABS($B31-$B30),"") | D31: =IF(ISNUMBER($B31),$J$4,"") | E31: =IF(ISNUMBER($B31),$J$7,"") | F31: =IF(ISNUMBER($B31),$J$8,"") | G31: =IF(ISNUMBER($B31),IF(OR($B31>$J$7,$B31<$J$8),"WE1",""),"")
C32: =IF(AND(ISNUMBER($B32),ISNUMBER($B31)),ABS($B32-$B31),"") | D32: =IF(ISNUMBER($B32),$J$4,"") | E32: =IF(ISNUMBER($B32),$J$7,"") | F32: =IF(ISNUMBER($B32),$J$8,"") | G32: =IF(ISNUMBER($B32),IF(OR($B32>$J$7,$B32<$J$8),"WE1",""),"")
C33: =IF(AND(ISNUMBER($B33),ISNUMBER($B32)),ABS($B33-$B32),"") | D33: =IF(ISNUMBER($B33),$J$4,"") | E33: =IF(ISNUMBER($B33),$J$7,"") | F33: =IF(ISNUMBER($B33),$J$8,"") | G33: =IF(ISNUMBER($B33),IF(OR($B33>$J$7,$B33<$J$8),"WE1",""),"")
C34: =IF(AND(ISNUMBER($B34),ISNUMBER($B33)),ABS($B34-$B33),"") | D34: =IF(ISNUMBER($B34),$J$4,"") | E34: =IF(ISNUMBER($B34),$J$7,"") | F34: =IF(ISNUMBER($B34),$J$8,"") | G34: =IF(ISNUMBER($B34),IF(OR($B34>$J$7,$B34<$J$8),"WE1",""),"")
C35: =IF(AND(ISNUMBER($B35),ISNUMBER($B34)),ABS($B35-$B34),"") | D35: =IF(ISNUMBER($B35),$J$4,"") | E35: =IF(ISNUMBER($B35),$J$7,"") | F35: =IF(ISNUMBER($B35),$J$8,"") | G35: =IF(ISNUMBER($B35),IF(OR($B35>$J$7,$B35<$J$8),"WE1",""),"")
A37: Unfilled rows may render as gaps/zeros — charting artifact, not data.

Sheet Capability
A1: Process capability — pulled live from 'SPC X-bar R'
A3: Spec limits (inputs)
A4: LSL | B4: 9.94
A5: USL | B5: 10.06
A7: From SPC sheet (green = cross-sheet links)
A8: Process mean (X-double-bar) | B8: ='SPC X-bar R'!$S$3 -> 10.00309
A9: sigma within (R-bar/d2) | B9: ='SPC X-bar R'!$S$13 -> 0.008877902
A10: sigma overall (sample s of all obs) | B10: =IF(COUNT('SPC X-bar R'!$C$9:$G$38)<2,"",STDEV('SPC X-bar R'!$C$9:$G$38)) -> 0.014739554
A11: Cpk threshold (from Setup) | B11: =Setup!$B$12 -> 1.33
A13: Indices
A14: Cp (within) | B14: =IF(OR($B$4="",$B$5="",$B$9="",$B$9=0),"",($B$5-$B$4)/(6*$B$9)) -> 2.2527845
A15: Cpk (within) | B15: =IF(OR($B$4="",$B$5="",$B$8="",$B$9="",$B$9=0),"",MIN(($B$5-$B$8)/(3*$B$9),($B$8-$B$4)/(3*$B$9))) -> 2.1367661
A16: Pp (overall) | B16: =IF(OR($B$4="",$B$5="",$B$10="",$B$10=0),"",($B$5-$B$4)/(6*$B$10)) -> 1.3568932
A17: Ppk (overall) | B17: =IF(OR($B$4="",$B$5="",$B$8="",$B$10="",$B$10=0),"",MIN(($B$5-$B$8)/(3*$B$10),($B$8-$B$4)/(3*$B$10))) -> 1.2870132
A19: Verdict | B19: =IF($B$15="","log SPC data first",IF($B$15>=$B$11,"CAPABLE vs threshold","NOT CAPABLE - below threshold")) -> CAPABLE vs threshold
A21: Cp/Cpk use within-subgroup sigma (R-bar/d2): short-term, what the process CAN do. Pp/Ppk use overall s: long-term, what it DID do. Indices assume approximate normality. In the web app a Cpk drop below threshold raises an alert automatically.

Sheet OEE Log
A1: OEE daily log
A3: OEE target (from Setup) | B3: =Setup!$B$13 -> 0.85
A6: Date | B6: Planned min | C6: Run min | D6: Ideal cycle (min/unit) | E6: Total count | F6: Good count | G6: Availability | H6: Performance | I6: Quality | J6: OEE | K6: Target | L6: Below?
A7: 2026-06-01 | B7: 480 | C7: 450 | D7: 1 | E7: 430 | F7: 424 | G7: =IF(OR(NOT(ISNUMBER($B7)),NOT(ISNUMBER($C7)),$B7=0),"",$C7/$B7) -> 0.9375 | H7: =IF(OR(NOT(ISNUMBER($C7)),NOT(ISNUMBER($D7)),NOT(ISNUMBER($E7)),$C7=0),"",$D7*$E7/$C7) -> 0.95555556 | I7: =IF(OR(NOT(ISNUMBER($E7)),NOT(ISNUMBER($F7)),$E7=0),"",$F7/$E7) -> 0.98604651 | J7: =IF(OR($G7="",$H7="",$I7=""),"",$G7*$H7*$I7) -> 0.88333333 | K7: =IF(ISNUMBER($J7),$B$3,"") -> 0.85 | L7: =IF(ISNUMBER($J7),IF($J7<$B$3,"BELOW",""),"")
A8: 2026-06-02 | B8: 480 | C8: 450 | D8: 1 | E8: 430 | F8: 424 | G8: =IF(OR(NOT(ISNUMBER($B8)),NOT(ISNUMBER($C8)),$B8=0),"",$C8/$B8) -> 0.9375 | H8: =IF(OR(NOT(ISNUMBER($C8)),NOT(ISNUMBER($D8)),NOT(ISNUMBER($E8)),$C8=0),"",$D8*$E8/$C8) -> 0.95555556 | I8: =IF(OR(NOT(ISNUMBER($E8)),NOT(ISNUMBER($F8)),$E8=0),"",$F8/$E8) -> 0.98604651 | J8: =IF(OR($G8="",$H8="",$I8=""),"",$G8*$H8*$I8) -> 0.88333333 | K8: =IF(ISNUMBER($J8),$B$3,"") -> 0.85 | L8: =IF(ISNUMBER($J8),IF($J8<$B$3,"BELOW",""),"")
A9: 2026-06-03 | B9: 480 | C9: 450 | D9: 1 | E9: 430 | F9: 424 | G9: =IF(OR(NOT(ISNUMBER($B9)),NOT(ISNUMBER($C9)),$B9=0),"",$C9/$B9) -> 0.9375 | H9: =IF(OR(NOT(ISNUMBER($C9)),NOT(ISNUMBER($D9)),NOT(ISNUMBER($E9)),$C9=0),"",$D9*$E9/$C9) -> 0.95555556 | I9: =IF(OR(NOT(ISNUMBER($E9)),NOT(ISNUMBER($F9)),$E9=0),"",$F9/$E9) -> 0.98604651 | J9: =IF(OR($G9="",$H9="",$I9=""),"",$G9*$H9*$I9) -> 0.88333333 | K9: =IF(ISNUMBER($J9),$B$3,"") -> 0.85 | L9: =IF(ISNUMBER($J9),IF($J9<$B$3,"BELOW",""),"")
A10: 2026-06-04 | B10: 480 | C10: 450 | D10: 1 | E10: 430 | F10: 424 | G10: =IF(OR(NOT(ISNUMBER($B10)),NOT(ISNUMBER($C10)),$B10=0),"",$C10/$B10) -> 0.9375 | H10: =IF(OR(NOT(ISNUMBER($C10)),NOT(ISNUMBER($D10)),NOT(ISNUMBER($E10)),$C10=0),"",$D10*$E10/$C10) -> 0.95555556 | I10: =IF(OR(NOT(ISNUMBER($E10)),NOT(ISNUMBER($F10)),$E10=0),"",$F10/$E10) -> 0.98604651 | J10: =IF(OR($G10="",$H10="",$I10=""),"",$G10*$H10*$I10) -> 0.88333333 | K10: =IF(ISNUMBER($J10),$B$3,"") -> 0.85 | L10: =IF(ISNUMBER($J10),IF($J10<$B$3,"BELOW",""),"")
A11: 2026-06-05 | B11: 480 | C11: 450 | D11: 1 | E11: 430 | F11: 424 | G11: =IF(OR(NOT(ISNUMBER($B11)),NOT(ISNUMBER($C11)),$B11=0),"",$C11/$B11) -> 0.9375 | H11: =IF(OR(NOT(ISNUMBER($C11)),NOT(ISNUMBER($D11)),NOT(ISNUMBER($E11)),$C11=0),"",$D11*$E11/$C11) -> 0.95555556 | I11: =IF(OR(NOT(ISNUMBER($E11)),NOT(ISNUMBER($F11)),$E11=0),"",$F11/$E11) -> 0.98604651 | J11: =IF(OR($G11="",$H11="",$I11=""),"",$G11*$H11*$I11) -> 0.88333333 | K11: =IF(ISNUMBER($J11),$B$3,"") -> 0.85 | L11: =IF(ISNUMBER($J11),IF($J11<$B$3,"BELOW",""),"")
A12: 2026-06-06 | B12: 480 | C12: 450 | D12: 1 | E12: 430 | F12: 424 | G12: =IF(OR(NOT(ISNUMBER($B12)),NOT(ISNUMBER($C12)),$B12=0),"",$C12/$B12) -> 0.9375 | H12: =IF(OR(NOT(ISNUMBER($C12)),NOT(ISNUMBER($D12)),NOT(ISNUMBER($E12)),$C12=0),"",$D12*$E12/$C12) -> 0.95555556 | I12: =IF(OR(NOT(ISNUMBER($E12)),NOT(ISNUMBER($F12)),$E12=0),"",$F12/$E12) -> 0.98604651 | J12: =IF(OR($G12="",$H12="",$I12=""),"",$G12*$H12*$I12) -> 0.88333333 | K12: =IF(ISNUMBER($J12),$B$3,"") -> 0.85 | L12: =IF(ISNUMBER($J12),IF($J12<$B$3,"BELOW",""),"")
A13: 2026-06-07 | B13: 480 | C13: 450 | D13: 1 | E13: 430 | F13: 424 | G13: =IF(OR(NOT(ISNUMBER($B13)),NOT(ISNUMBER($C13)),$B13=0),"",$C13/$B13) -> 0.9375 | H13: =IF(OR(NOT(ISNUMBER($C13)),NOT(ISNUMBER($D13)),NOT(ISNUMBER($E13)),$C13=0),"",$D13*$E13/$C13) -> 0.95555556 | I13: =IF(OR(NOT(ISNUMBER($E13)),NOT(ISNUMBER($F13)),$E13=0),"",$F13/$E13) -> 0.98604651 | J13: =IF(OR($G13="",$H13="",$I13=""),"",$G13*$H13*$I13) -> 0.88333333 | K13: =IF(ISNUMBER($J13),$B$3,"") -> 0.85 | L13: =IF(ISNUMBER($J13),IF($J13<$B$3,"BELOW",""),"")
A14: 2026-06-08 | B14: 480 | C14: 450 | D14: 1 | E14: 430 | F14: 424 | G14: =IF(OR(NOT(ISNUMBER($B14)),NOT(ISNUMBER($C14)),$B14=0),"",$C14/$B14) -> 0.9375 | H14: =IF(OR(NOT(ISNUMBER($C14)),NOT(ISNUMBER($D14)),NOT(ISNUMBER($E14)),$C14=0),"",$D14*$E14/$C14) -> 0.95555556 | I14: =IF(OR(NOT(ISNUMBER($E14)),NOT(ISNUMBER($F14)),$E14=0),"",$F14/$E14) -> 0.98604651 | J14: =IF(OR($G14="",$H14="",$I14=""),"",$G14*$H14*$I14) -> 0.88333333 | K14: =IF(ISNUMBER($J14),$B$3,"") -> 0.85 | L14: =IF(ISNUMBER($J14),IF($J14<$B$3,"BELOW",""),"")
A15: 2026-06-09 | B15: 480 | C15: 450 | D15: 1 | E15: 430 | F15: 424 | G15: =IF(OR(NOT(ISNUMBER($B15)),NOT(ISNUMBER($C15)),$B15=0),"",$C15/$B15) -> 0.9375 | H15: =IF(OR(NOT(ISNUMBER($C15)),NOT(ISNUMBER($D15)),NOT(ISNUMBER($E15)),$C15=0),"",$D15*$E15/$C15) -> 0.95555556 | I15: =IF(OR(NOT(ISNUMBER($E15)),NOT(ISNUMBER($F15)),$E15=0),"",$F15/$E15) -> 0.98604651 | J15: =IF(OR($G15="",$H15="",$I15=""),"",$G15*$H15*$I15) -> 0.88333333 | K15: =IF(ISNUMBER($J15),$B$3,"") -> 0.85 | L15: =IF(ISNUMBER($J15),IF($J15<$B$3,"BELOW",""),"")
A16: 2026-06-10 | B16: 480 | C16: 380 | D16: 1 | E16: 330 | F16: 312 | G16: =IF(OR(NOT(ISNUMBER($B16)),NOT(ISNUMBER($C16)),$B16=0),"",$C16/$B16) -> 0.79166667 | H16: =IF(OR(NOT(ISNUMBER($C16)),NOT(ISNUMBER($D16)),NOT(ISNUMBER($E16)),$C16=0),"",$D16*$E16/$C16) -> 0.86842105 | I16: =IF(OR(NOT(ISNUMBER($E16)),NOT(ISNUMBER($F16)),$E16=0),"",$F16/$E16) -> 0.94545455 | J16: =IF(OR($G16="",$H16="",$I16=""),"",$G16*$H16*$I16) -> 0.65 | K16: =IF(ISNUMBER($J16),$B$3,"") -> 0.85 | L16: =IF(ISNUMBER($J16),IF($J16<$B$3,"BELOW",""),"") -> BELOW
A17: 2026-06-11 | B17: 480 | C17: 380 | D17: 1 | E17: 330 | F17: 312 | G17: =IF(OR(NOT(ISNUMBER($B17)),NOT(ISNUMBER($C17)),$B17=0),"",$C17/$B17) -> 0.79166667 | H17: =IF(OR(NOT(ISNUMBER($C17)),NOT(ISNUMBER($D17)),NOT(ISNUMBER($E17)),$C17=0),"",$D17*$E17/$C17) -> 0.86842105 | I17: =IF(OR(NOT(ISNUMBER($E17)),NOT(ISNUMBER($F17)),$E17=0),"",$F17/$E17) -> 0.94545455 | J17: =IF(OR($G17="",$H17="",$I17=""),"",$G17*$H17*$I17) -> 0.65 | K17: =IF(ISNUMBER($J17),$B$3,"") -> 0.85 | L17: =IF(ISNUMBER($J17),IF($J17<$B$3,"BELOW",""),"") -> BELOW
A18: 2026-06-12 | B18: 480 | C18: 380 | D18: 1 | E18: 330 | F18: 312 | G18: =IF(OR(NOT(ISNUMBER($B18)),NOT(ISNUMBER($C18)),$B18=0),"",$C18/$B18) -> 0.79166667 | H18: =IF(OR(NOT(ISNUMBER($C18)),NOT(ISNUMBER($D18)),NOT(ISNUMBER($E18)),$C18=0),"",$D18*$E18/$C18) -> 0.86842105 | I18: =IF(OR(NOT(ISNUMBER($E18)),NOT(ISNUMBER($F18)),$E18=0),"",$F18/$E18) -> 0.94545455 | J18: =IF(OR($G18="",$H18="",$I18=""),"",$G18*$H18*$I18) -> 0.65 | K18: =IF(ISNUMBER($J18),$B$3,"") -> 0.85 | L18: =IF(ISNUMBER($J18),IF($J18<$B$3,"BELOW",""),"") -> BELOW
... A20: 2026-06-14 | B20: 480 | C20: 450 | D20: 1 | E20: 430 | F20: 424 | G20: =IF(OR(NOT(ISNUMBER($B20)),NOT(ISNUMBER($C20)),$B20=0),"",$C20/$B20) -> 0.9375 | H20: =IF(OR(NOT(ISNUMBER($C20)),NOT(ISNUMBER($D20)),NOT(ISNUMBER($E20)),$C20=0),"",$D20*$E20/$C20) -> 0.95555556 | I20: =IF(OR(NOT(ISNUMBER($E20)),NOT(ISNUMBER($F20)),$E20=0),"",$F20/$E20) -> 0.98604651 | J20: =IF(OR($G20="",$H20="",$I20=""),"",$G20*$H20*$I20) -> 0.88333333 | K20: =IF(ISNUMBER($J20),$B$3,"") -> 0.85 | L20: =IF(ISNUMBER($J20),IF($J20<$B$3,"BELOW",""),"")
G21: =IF(OR(NOT(ISNUMBER($B21)),NOT(ISNUMBER($C21)),$B21=0),"",$C21/$B21) | H21: =IF(OR(NOT(ISNUMBER($C21)),NOT(ISNUMBER($D21)),NOT(ISNUMBER($E21)),$C21=0),"",$D21*$E21/$C21) | I21: =IF(OR(NOT(ISNUMBER($E21)),NOT(ISNUMBER($F21)),$E21=0),"",$F21/$E21) | J21: =IF(OR($G21="",$H21="",$I21=""),"",$G21*$H21*$I21) | K21: =IF(ISNUMBER($J21),$B$3,"") | L21: =IF(ISNUMBER($J21),IF($J21<$B$3,"BELOW",""),"")
G22: =IF(OR(NOT(ISNUMBER($B22)),NOT(ISNUMBER($C22)),$B22=0),"",$C22/$B22) | H22: =IF(OR(NOT(ISNUMBER($C22)),NOT(ISNUMBER($D22)),NOT(ISNUMBER($E22)),$C22=0),"",$D22*$E22/$C22) | I22: =IF(OR(NOT(ISNUMBER($E22)),NOT(ISNUMBER($F22)),$E22=0),"",$F22/$E22) | J22: =IF(OR($G22="",$H22="",$I22=""),"",$G22*$H22*$I22) | K22: =IF(ISNUMBER($J22),$B$3,"") | L22: =IF(ISNUMBER($J22),IF($J22<$B$3,"BELOW",""),"")
G23: =IF(OR(NOT(ISNUMBER($B23)),NOT(ISNUMBER($C23)),$B23=0),"",$C23/$B23) | H23: =IF(OR(NOT(ISNUMBER($C23)),NOT(ISNUMBER($D23)),NOT(ISNUMBER($E23)),$C23=0),"",$D23*$E23/$C23) | I23: =IF(OR(NOT(ISNUMBER($E23)),NOT(ISNUMBER($F23)),$E23=0),"",$F23/$E23) | J23: =IF(OR($G23="",$H23="",$I23=""),"",$G23*$H23*$I23) | K23: =IF(ISNUMBER($J23),$B$3,"") | L23: =IF(ISNUMBER($J23),IF($J23<$B$3,"BELOW",""),"")
G24: =IF(OR(NOT(ISNUMBER($B24)),NOT(ISNUMBER($C24)),$B24=0),"",$C24/$B24) | H24: =IF(OR(NOT(ISNUMBER($C24)),NOT(ISNUMBER($D24)),NOT(ISNUMBER($E24)),$C24=0),"",$D24*$E24/$C24) | I24: =IF(OR(NOT(ISNUMBER($E24)),NOT(ISNUMBER($F24)),$E24=0),"",$F24/$E24) | J24: =IF(OR($G24="",$H24="",$I24=""),"",$G24*$H24*$I24) | K24: =IF(ISNUMBER($J24),$B$3,"") | L24: =IF(ISNUMBER($J24),IF($J24<$B$3,"BELOW",""),"")
G25: =IF(OR(NOT(ISNUMBER($B25)),NOT(ISNUMBER($C25)),$B25=0),"",$C25/$B25) | H25: =IF(OR(NOT(ISNUMBER($C25)),NOT(ISNUMBER($D25)),NOT(ISNUMBER($E25)),$C25=0),"",$D25*$E25/$C25) | I25: =IF(OR(NOT(ISNUMBER($E25)),NOT(ISNUMBER($F25)),$E25=0),"",$F25/$E25) | J25: =IF(OR($G25="",$H25="",$I25=""),"",$G25*$H25*$I25) | K25: =IF(ISNUMBER($J25),$B$3,"") | L25: =IF(ISNUMBER($J25),IF($J25<$B$3,"BELOW",""),"")
G26: =IF(OR(NOT(ISNUMBER($B26)),NOT(ISNUMBER($C26)),$B26=0),"",$C26/$B26) | H26: =IF(OR(NOT(ISNUMBER($C26)),NOT(ISNUMBER($D26)),NOT(ISNUMBER($E26)),$C26=0),"",$D26*$E26/$C26) | I26: =IF(OR(NOT(ISNUMBER($E26)),NOT(ISNUMBER($F26)),$E26=0),"",$F26/$E26) | J26: =IF(OR($G26="",$H26="",$I26=""),"",$G26*$H26*$I26) | K26: =IF(ISNUMBER($J26),$B$3,"") | L26: =IF(ISNUMBER($J26),IF($J26<$B$3,"BELOW",""),"")
G27: =IF(OR(NOT(ISNUMBER($B27)),NOT(ISNUMBER($C27)),$B27=0),"",$C27/$B27) | H27: =IF(OR(NOT(ISNUMBER($C27)),NOT(ISNUMBER($D27)),NOT(ISNUMBER($E27)),$C27=0),"",$D27*$E27/$C27) | I27: =IF(OR(NOT(ISNUMBER($E27)),NOT(ISNUMBER($F27)),$E27=0),"",$F27/$E27) | J27: =IF(OR($G27="",$H27="",$I27=""),"",$G27*$H27*$I27) | K27: =IF(ISNUMBER($J27),$B$3,"") | L27: =IF(ISNUMBER($J27),IF($J27<$B$3,"BELOW",""),"")
G28: =IF(OR(NOT(ISNUMBER($B28)),NOT(ISNUMBER($C28)),$B28=0),"",$C28/$B28) | H28: =IF(OR(NOT(ISNUMBER($C28)),NOT(ISNUMBER($D28)),NOT(ISNUMBER($E28)),$C28=0),"",$D28*$E28/$C28) | I28: =IF(OR(NOT(ISNUMBER($E28)),NOT(ISNUMBER($F28)),$E28=0),"",$F28/$E28) | J28: =IF(OR($G28="",$H28="",$I28=""),"",$G28*$H28*$I28) | K28: =IF(ISNUMBER($J28),$B$3,"") | L28: =IF(ISNUMBER($J28),IF($J28<$B$3,"BELOW",""),"")
G29: =IF(OR(NOT(ISNUMBER($B29)),NOT(ISNUMBER($C29)),$B29=0),"",$C29/$B29) | H29: =IF(OR(NOT(ISNUMBER($C29)),NOT(ISNUMBER($D29)),NOT(ISNUMBER($E29)),$C29=0),"",$D29*$E29/$C29) | I29: =IF(OR(NOT(ISNUMBER($E29)),NOT(ISNUMBER($F29)),$E29=0),"",$F29/$E29) | J29: =IF(OR($G29="",$H29="",$I29=""),"",$G29*$H29*$I29) | K29: =IF(ISNUMBER($J29),$B$3,"") | L29: =IF(ISNUMBER($J29),IF($J29<$B$3,"BELOW",""),"")
G30: =IF(OR(NOT(ISNUMBER($B30)),NOT(ISNUMBER($C30)),$B30=0),"",$C30/$B30) | H30: =IF(OR(NOT(ISNUMBER($C30)),NOT(ISNUMBER($D30)),NOT(ISNUMBER($E30)),$C30=0),"",$D30*$E30/$C30) | I30: =IF(OR(NOT(ISNUMBER($E30)),NOT(ISNUMBER($F30)),$E30=0),"",$F30/$E30) | J30: =IF(OR($G30="",$H30="",$I30=""),"",$G30*$H30*$I30) | K30: =IF(ISNUMBER($J30),$B$3,"") | L30: =IF(ISNUMBER($J30),IF($J30<$B$3,"BELOW",""),"")
G31: =IF(OR(NOT(ISNUMBER($B31)),NOT(ISNUMBER($C31)),$B31=0),"",$C31/$B31) | H31: =IF(OR(NOT(ISNUMBER($C31)),NOT(ISNUMBER($D31)),NOT(ISNUMBER($E31)),$C31=0),"",$D31*$E31/$C31) | I31: =IF(OR(NOT(ISNUMBER($E31)),NOT(ISNUMBER($F31)),$E31=0),"",$F31/$E31) | J31: =IF(OR($G31="",$H31="",$I31=""),"",$G31*$H31*$I31) | K31: =IF(ISNUMBER($J31),$B$3,"") | L31: =IF(ISNUMBER($J31),IF($J31<$B$3,"BELOW",""),"")
G32: =IF(OR(NOT(ISNUMBER($B32)),NOT(ISNUMBER($C32)),$B32=0),"",$C32/$B32) | H32: =IF(OR(NOT(ISNUMBER($C32)),NOT(ISNUMBER($D32)),NOT(ISNUMBER($E32)),$C32=0),"",$D32*$E32/$C32) | I32: =IF(OR(NOT(ISNUMBER($E32)),NOT(ISNUMBER($F32)),$E32=0),"",$F32/$E32) | J32: =IF(OR($G32="",$H32="",$I32=""),"",$G32*$H32*$I32) | K32: =IF(ISNUMBER($J32),$B$3,"") | L32: =IF(ISNUMBER($J32),IF($J32<$B$3,"BELOW",""),"")
... G36: =IF(OR(NOT(ISNUMBER($B36)),NOT(ISNUMBER($C36)),$B36=0),"",$C36/$B36) | H36: =IF(OR(NOT(ISNUMBER($C36)),NOT(ISNUMBER($D36)),NOT(ISNUMBER($E36)),$C36=0),"",$D36*$E36/$C36) | I36: =IF(OR(NOT(ISNUMBER($E36)),NOT(ISNUMBER($F36)),$E36=0),"",$F36/$E36) | J36: =IF(OR($G36="",$H36="",$I36=""),"",$G36*$H36*$I36) | K36: =IF(ISNUMBER($J36),$B$3,"") | L36: =IF(ISNUMBER($J36),IF($J36<$B$3,"BELOW",""),"")
A38: 3+ consecutive BELOW rows = the pattern the web app alerts on automatically. Unfilled rows may render as gaps/zeros — charting artifact.
