Workbook

Sheet Guide
A1: Procyra — QE Toolkit (Quality Engineering)
A2: Companion workbook to the Procyra web app. Same logic, same Phase 1 modules — usable offline and shareable anywhere.
A4: Color legend
A5: Input cell — type here (yellow fill, blue bold)
A6: Formula cell — never overwrite (black text)
A7: Cross-sheet link (green text)
A9: How to reuse this workbook
A10: 1. Go to Setup and pick your industry & process type — labels and defaults adapt everywhere.
A11: 2. Every sheet ships with a documented example dataset in the input cells. Study it, then replace it with your data.
A12: 3. Only ever type in yellow cells. Black cells are formulas; green cells pull from another sheet.
A13: 4. To extend a table, insert rows INSIDE the existing range and copy the formula row down.
A14: 5. Compatibility: only classic functions (INDEX/MATCH, SUMIFS, SUMPRODUCT, RANK) — works in old Excel and LibreOffice.
A16: Sheets in this workbook
A17: Setup | B17: Industry & process type — drives the defect terminology and thresholds everywhere.
A18: Workflow - Start Here | B18: Guided DMAIC sequence, mirroring the web app's playbook.
A19: NC Log | B19: Non-conformance log — one row per occurrence, consistent codes.
A20: Pareto | B20: Auto-sorted Pareto from the NC Log: RANK-based ordering, cumulative % computed on the sorted series.
A21: FMEA Register | B21: S x O x D = RPN with action flags vs your industry threshold, plus an auto-sorted top-risk table.
A22: CAPA Tracker | B22: Corrective/preventive actions with due dates and overdue flags.
A24: What this workbook does NOT do (honest limits)
A25: • The Pareto's category list is typed by you (column A) because auto-extracting unique codes needs functions (UNIQUE) that break older Excel/LibreOffice. The web app aggregates codes automatically.
A26: • The web app auto-drafts a CAPA when a defect code repeats past your industry threshold; in Excel, watch the repeat counts on the Pareto and open CAPAs yourself.
A27: • Charts reference the full input range; unfilled rows can render as gaps or zeros — a charting artifact, not data.

Sheet Setup
A1: Setup — industry & process type
A2: Pick your industry and process type; terminology and defaults below adapt automatically and feed every other sheet.
A4: Industry | B4: Automotive
A5: Process type | B5: Discrete assembly
A7: Adapted terminology & defaults (formulas — do not type here)
A8: Defect term | B8: =INDEX($E$21:$L$28,MATCH($B$4,$D$21:$D$28,0),1) -> Defect
A9: Line term | B9: =INDEX($E$21:$L$28,MATCH($B$4,$D$21:$D$28,0),2) -> Line
A10: Unit term | B10: =INDEX($E$21:$L$28,MATCH($B$4,$D$21:$D$28,0),3) -> Unit
A11: Quality standard | B11: =INDEX($E$21:$L$28,MATCH($B$4,$D$21:$D$28,0),4) -> IATF 16949
A12: Cpk threshold | B12: =INDEX($E$21:$L$28,MATCH($B$4,$D$21:$D$28,0),5) -> 1.33
A13: OEE target | B13: =INDEX($E$21:$L$28,MATCH($B$4,$D$21:$D$28,0),6) -> 0.85
A14: NC repeat threshold | B14: =INDEX($E$21:$L$28,MATCH($B$4,$D$21:$D$28,0),7) -> 3
A15: RPN action threshold | B15: =INDEX($E$21:$L$28,MATCH($B$4,$D$21:$D$28,0),8) -> 100
A17: Other sheets read B8:B15 (green cells there = links to here).
D19: Terminology dictionary (edit to add industries)
D20: Industry | E20: Defect term | F20: Line term | G20: Unit term | H20: Quality standard | I20: Cpk thr | J20: OEE target | K20: NC repeat | L20: RPN action
D21: General manufacturing | E21: Defect | F21: Line | G21: Unit | H21: ISO 9001 | I21: 1.33 | J21: 0.85 | K21: 3 | L21: 100
D22: Automotive | E22: Defect | F22: Line | G22: Unit | H22: IATF 16949 | I22: 1.33 | J22: 0.85 | K22: 3 | L22: 100
D23: Aerospace & defense | E23: Non-conformity | F23: Line | G23: Unit | H23: AS9100 | I23: 1.67 | J23: 0.85 | K23: 2 | L23: 80
D24: Food & beverage | E24: Deviation | F24: Processing line | G24: Batch | H24: ISO 9001 / FSSC 22000 | I24: 1.33 | J24: 0.85 | K24: 3 | L24: 100
D25: Pharma / medical device | E25: Deviation | F25: Line | G25: Lot | H25: ISO 13485 / 21 CFR 820 | I25: 1.67 | J25: 0.85 | K25: 2 | L25: 80
D26: Electronics | E26: Defect | F26: SMT line | G26: Board | H26: ISO 9001 | I26: 1.33 | J26: 0.85 | K26: 3 | L26: 100
D27: Warehouse & logistics | E27: Error | F27: Pick line | G27: Order | H27: ISO 9001 | I27: 1.33 | J27: 0.75 | K27: 3 | L27: 100
D28: Construction | E28: Punch item | F28: Crew | G28: Task | H28: ISO 9001 | I28: 1.33 | J28: 0.75 | K28: 3 | L28: 100

Sheet Workflow - Start Here
A1: Guided workflow — Reduce defects (DMAIC)
A2: Mirrors the Procyra web app's guided playbook. Work top to bottom. The app suggests — your team decides; record decisions in the last column.
A4: Phase | B4: What to do | C4: Sheet to use | D4: Watch out for | E4: Team decision / notes (type here)
A5: Define | B5: Agree one defect coding list for the team; write the problem statement. | C5: NC Log | D5: Free-typed codes (SCRATCH vs Scratch vs scratched) split one problem into three bars.
A6: Measure | B6: Log every occurrence as it happens with code, area, and quantity. | C6: NC Log | D6: End-of-shift memory logging undercounts small defects.
A7: Analyze | B7: Read the Pareto: attack the biggest bar, check the cumulative 80% point. | C7: Pareto | D7: A flat Pareto (no dominant bar) suggests a systemic cause, not a defect-specific one.
A8: Improve | B8: Open a CAPA for the chosen defect; assign owner and due date. | C8: CAPA Tracker | D8: A CAPA without an owner and a date is a wish.
A9: Control | B9: Update FMEA occurrence scores for addressed failure modes; keep logging. | C9: FMEA Register | D9: If RPN doesn't drop after the fix, the fix didn't work — or the scoring is optimistic.

Sheet NC Log
A1: Non-conformance log
A3: Term for this industry: | B3: =Setup!$B$8 -> Defect
A5: Date | B5: Code | C5: Process area | D5: Qty | E5: Severity | F5: Description
A6: 2026-06-01 | B6: SCRATCH | C6: Line 4 | D6: 3 | E6: Minor | F6: Surface scratches after conveyor transfer
A7: 2026-06-01 | B7: LEAK-01 | C7: Test bench | D7: 1 | E7: Major | F7: Seal leak at 2 bar
A8: 2026-06-02 | B8: SCRATCH | C8: Line 4 | D8: 2 | E8: Minor
A9: 2026-06-03 | B9: MISALIGN | C9: Line 2 | D9: 1 | E9: Major | F9: Bracket hole misaligned
A10: 2026-06-04 | B10: SCRATCH | C10: Line 4 | D10: 4 | E10: Minor | F10: After fixture change
A11: 2026-06-05 | B11: DENT | C11: Receiving | D11: 2 | E11: Minor | F11: Packaging damage inbound
A12: 2026-06-08 | B12: LEAK-01 | C12: Test bench | D12: 1 | E12: Major
A13: 2026-06-09 | B13: SCRATCH | C13: Line 4 | D13: 2 | E13: Minor
A14: 2026-06-10 | B14: WRONG-LABEL | C14: Packout | D14: 5 | E14: Critical | F14: Label mixup, contained
A15: 2026-06-11 | B15: MISALIGN | C15: Line 2 | D15: 2 | E15: Major
A16: 2026-06-12 | B16: SCRATCH | C16: Line 4 | D16: 3 | E16: Minor
A17: 2026-06-15 | B17: DENT | C17: Receiving | D17: 1 | E17: Minor
A18: 2026-06-16 | B18: LEAK-01 | C18: Test bench | D18: 2 | E18: Major | F18: Recurring seal supplier lot
A19: 2026-06-17 | B19: SCRATCH | C19: Line 4 | D19: 2 | E19: Minor
A20: 2026-06-18 | B20: MISALIGN | C20: Line 2 | D20: 1 | E20: Major
A21: 2026-06-19 | B21: DENT | C21: Receiving | D21: 1 | E21: Minor
A47: Keep codes consistent — the Pareto matches on exact text. Add rows INSIDE the range if you need more than 40.

Sheet Pareto
A1: Pareto — auto-sorted from the NC Log
A2: Type each distinct code once in column A. Counts pull from the NC Log; the sorted table and chart update automatically.
C3: Sort key/Rank are helpers for the sorted table — leave them alone. | F3: Sorted (largest first) — chart reads this
A4: Code (type once) | B4: Total qty | C4: Sort key | D4: Rank | F4: # | G4: Code | H4: Qty | I4: Cumulative %
A5: SCRATCH | B5: =IF($A5="","",SUMIFS('NC Log'!$D$6:$D$45,'NC Log'!$B$6:$B$45,$A5)) -> 16 | C5: =IF(ISNUMBER($B5),$B5+(100-ROW())/100000,"") -> 16.00095 | D5: =IF(ISNUMBER($C5),RANK($C5,$C$5:$C$16),"") -> 1 | F5: 1 | G5: =IF(COUNTIF($D$5:$D$16,$F5)=0,"",INDEX($A$5:$A$16,MATCH($F5,$D$5:$D$16,0))) -> SCRATCH | H5: =IF(COUNTIF($D$5:$D$16,$F5)=0,"",INDEX($B$5:$B$16,MATCH($F5,$D$5:$D$16,0))) -> 16 | I5: =IF(ISNUMBER($H5),SUM($H$5:$H5)/SUM($H$5:$H$16),"") -> 0.48484848
A6: LEAK-01 | B6: =IF($A6="","",SUMIFS('NC Log'!$D$6:$D$45,'NC Log'!$B$6:$B$45,$A6)) -> 4 | C6: =IF(ISNUMBER($B6),$B6+(100-ROW())/100000,"") -> 4.00094 | D6: =IF(ISNUMBER($C6),RANK($C6,$C$5:$C$16),"") -> 3 | F6: 2 | G6: =IF(COUNTIF($D$5:$D$16,$F6)=0,"",INDEX($A$5:$A$16,MATCH($F6,$D$5:$D$16,0))) -> WRONG-LABEL | H6: =IF(COUNTIF($D$5:$D$16,$F6)=0,"",INDEX($B$5:$B$16,MATCH($F6,$D$5:$D$16,0))) -> 5 | I6: =IF(ISNUMBER($H6),SUM($H$5:$H6)/SUM($H$5:$H$16),"") -> 0.63636364
A7: MISALIGN | B7: =IF($A7="","",SUMIFS('NC Log'!$D$6:$D$45,'NC Log'!$B$6:$B$45,$A7)) -> 4 | C7: =IF(ISNUMBER($B7),$B7+(100-ROW())/100000,"") -> 4.00093 | D7: =IF(ISNUMBER($C7),RANK($C7,$C$5:$C$16),"") -> 4 | F7: 3 | G7: =IF(COUNTIF($D$5:$D$16,$F7)=0,"",INDEX($A$5:$A$16,MATCH($F7,$D$5:$D$16,0))) -> LEAK-01 | H7: =IF(COUNTIF($D$5:$D$16,$F7)=0,"",INDEX($B$5:$B$16,MATCH($F7,$D$5:$D$16,0))) -> 4 | I7: =IF(ISNUMBER($H7),SUM($H$5:$H7)/SUM($H$5:$H$16),"") -> 0.75757576
A8: DENT | B8: =IF($A8="","",SUMIFS('NC Log'!$D$6:$D$45,'NC Log'!$B$6:$B$45,$A8)) -> 4 | C8: =IF(ISNUMBER($B8),$B8+(100-ROW())/100000,"") -> 4.00092 | D8: =IF(ISNUMBER($C8),RANK($C8,$C$5:$C$16),"") -> 5 | F8: 4 | G8: =IF(COUNTIF($D$5:$D$16,$F8)=0,"",INDEX($A$5:$A$16,MATCH($F8,$D$5:$D$16,0))) -> MISALIGN | H8: =IF(COUNTIF($D$5:$D$16,$F8)=0,"",INDEX($B$5:$B$16,MATCH($F8,$D$5:$D$16,0))) -> 4 | I8: =IF(ISNUMBER($H8),SUM($H$5:$H8)/SUM($H$5:$H$16),"") -> 0.87878788
A9: WRONG-LABEL | B9: =IF($A9="","",SUMIFS('NC Log'!$D$6:$D$45,'NC Log'!$B$6:$B$45,$A9)) -> 5 | C9: =IF(ISNUMBER($B9),$B9+(100-ROW())/100000,"") -> 5.00091 | D9: =IF(ISNUMBER($C9),RANK($C9,$C$5:$C$16),"") -> 2 | F9: 5 | G9: =IF(COUNTIF($D$5:$D$16,$F9)=0,"",INDEX($A$5:$A$16,MATCH($F9,$D$5:$D$16,0))) -> DENT | H9: =IF(COUNTIF($D$5:$D$16,$F9)=0,"",INDEX($B$5:$B$16,MATCH($F9,$D$5:$D$16,0))) -> 4 | I9: =IF(ISNUMBER($H9),SUM($H$5:$H9)/SUM($H$5:$H$16),"") -> 1
B10: =IF($A10="","",SUMIFS('NC Log'!$D$6:$D$45,'NC Log'!$B$6:$B$45,$A10)) | C10: =IF(ISNUMBER($B10),$B10+(100-ROW())/100000,"") | D10: =IF(ISNUMBER($C10),RANK($C10,$C$5:$C$16),"") | F10: 6 | G10: =IF(COUNTIF($D$5:$D$16,$F10)=0,"",INDEX($A$5:$A$16,MATCH($F10,$D$5:$D$16,0))) | H10: =IF(COUNTIF($D$5:$D$16,$F10)=0,"",INDEX($B$5:$B$16,MATCH($F10,$D$5:$D$16,0))) | I10: =IF(ISNUMBER($H10),SUM($H$5:$H10)/SUM($H$5:$H$16),"")
B11: =IF($A11="","",SUMIFS('NC Log'!$D$6:$D$45,'NC Log'!$B$6:$B$45,$A11)) | C11: =IF(ISNUMBER($B11),$B11+(100-ROW())/100000,"") | D11: =IF(ISNUMBER($C11),RANK($C11,$C$5:$C$16),"") | F11: 7 | G11: =IF(COUNTIF($D$5:$D$16,$F11)=0,"",INDEX($A$5:$A$16,MATCH($F11,$D$5:$D$16,0))) | H11: =IF(COUNTIF($D$5:$D$16,$F11)=0,"",INDEX($B$5:$B$16,MATCH($F11,$D$5:$D$16,0))) | I11: =IF(ISNUMBER($H11),SUM($H$5:$H11)/SUM($H$5:$H$16),"")
B12: =IF($A12="","",SUMIFS('NC Log'!$D$6:$D$45,'NC Log'!$B$6:$B$45,$A12)) | C12: =IF(ISNUMBER($B12),$B12+(100-ROW())/100000,"") | D12: =IF(ISNUMBER($C12),RANK($C12,$C$5:$C$16),"") | F12: 8 | G12: =IF(COUNTIF($D$5:$D$16,$F12)=0,"",INDEX($A$5:$A$16,MATCH($F12,$D$5:$D$16,0))) | H12: =IF(COUNTIF($D$5:$D$16,$F12)=0,"",INDEX($B$5:$B$16,MATCH($F12,$D$5:$D$16,0))) | I12: =IF(ISNUMBER($H12),SUM($H$5:$H12)/SUM($H$5:$H$16),"")
B13: =IF($A13="","",SUMIFS('NC Log'!$D$6:$D$45,'NC Log'!$B$6:$B$45,$A13)) | C13: =IF(ISNUMBER($B13),$B13+(100-ROW())/100000,"") | D13: =IF(ISNUMBER($C13),RANK($C13,$C$5:$C$16),"") | F13: 9 | G13: =IF(COUNTIF($D$5:$D$16,$F13)=0,"",INDEX($A$5:$A$16,MATCH($F13,$D$5:$D$16,0))) | H13: =IF(COUNTIF($D$5:$D$16,$F13)=0,"",INDEX($B$5:$B$16,MATCH($F13,$D$5:$D$16,0))) | I13: =IF(ISNUMBER($H13),SUM($H$5:$H13)/SUM($H$5:$H$16),"")
B14: =IF($A14="","",SUMIFS('NC Log'!$D$6:$D$45,'NC Log'!$B$6:$B$45,$A14)) | C14: =IF(ISNUMBER($B14),$B14+(100-ROW())/100000,"") | D14: =IF(ISNUMBER($C14),RANK($C14,$C$5:$C$16),"") | F14: 10 | G14: =IF(COUNTIF($D$5:$D$16,$F14)=0,"",INDEX($A$5:$A$16,MATCH($F14,$D$5:$D$16,0))) | H14: =IF(COUNTIF($D$5:$D$16,$F14)=0,"",INDEX($B$5:$B$16,MATCH($F14,$D$5:$D$16,0))) | I14: =IF(ISNUMBER($H14),SUM($H$5:$H14)/SUM($H$5:$H$16),"")
B15: =IF($A15="","",SUMIFS('NC Log'!$D$6:$D$45,'NC Log'!$B$6:$B$45,$A15)) | C15: =IF(ISNUMBER($B15),$B15+(100-ROW())/100000,"") | D15: =IF(ISNUMBER($C15),RANK($C15,$C$5:$C$16),"") | F15: 11 | G15: =IF(COUNTIF($D$5:$D$16,$F15)=0,"",INDEX($A$5:$A$16,MATCH($F15,$D$5:$D$16,0))) | H15: =IF(COUNTIF($D$5:$D$16,$F15)=0,"",INDEX($B$5:$B$16,MATCH($F15,$D$5:$D$16,0))) | I15: =IF(ISNUMBER($H15),SUM($H$5:$H15)/SUM($H$5:$H$16),"")
B16: =IF($A16="","",SUMIFS('NC Log'!$D$6:$D$45,'NC Log'!$B$6:$B$45,$A16)) | C16: =IF(ISNUMBER($B16),$B16+(100-ROW())/100000,"") | D16: =IF(ISNUMBER($C16),RANK($C16,$C$5:$C$16),"") | F16: 12 | G16: =IF(COUNTIF($D$5:$D$16,$F16)=0,"",INDEX($A$5:$A$16,MATCH($F16,$D$5:$D$16,0))) | H16: =IF(COUNTIF($D$5:$D$16,$F16)=0,"",INDEX($B$5:$B$16,MATCH($F16,$D$5:$D$16,0))) | I16: =IF(ISNUMBER($H16),SUM($H$5:$H16)/SUM($H$5:$H$16),"")
A18: Bars are sorted descending; the cumulative % line is computed on the SORTED order so it rises monotonically. Empty category slots may render as gaps — charting artifact.

Sheet FMEA Register
A1: FMEA register — RPN with action flags
A3: RPN action threshold (from Setup): | C3: =Setup!$B$15 -> 100 | O3: Top 5 risks (auto-sorted)
A5: Process step | B5: Failure mode | C5: Effect | D5: Cause | E5: S | F5: O | G5: D | H5: RPN | I5: Action? | J5: Sort key | K5: Rank | L5: Recommended action | M5: Status | O5: # | P5: Failure mode | Q5: RPN
A6: Welding | B6: Cold weld | C6: Joint fails in service | D6: Low current setting | E6: 8 | F6: 5 | G6: 4 | H6: =IF(COUNT($E6:$G6)<3,"",$E6*$F6*$G6) -> 160 | I6: =IF(ISNUMBER($H6),IF($H6>=$C$3,"ACTION",""),"") -> ACTION | J6: =IF(ISNUMBER($H6),$H6+(100-ROW())/100000,"") -> 160.00094 | K6: =IF(ISNUMBER($J6),RANK($J6,$J$6:$J$25),"") -> 1 | L6: Poka-yoke current interlock | M6: Open | O6: 1 | P6: =IF(COUNTIF($K$6:$K$25,$O6)=0,"",INDEX($B$6:$B$25,MATCH($O6,$K$6:$K$25,0))) -> Cold weld | Q6: =IF(COUNTIF($K$6:$K$25,$O6)=0,"",INDEX($H$6:$H$25,MATCH($O6,$K$6:$K$25,0))) -> 160
A7: Assembly | B7: Missing clip | C7: Rattle, warranty claim | D7: Manual step skipped | E7: 6 | F7: 4 | G7: 3 | H7: =IF(COUNT($E7:$G7)<3,"",$E7*$F7*$G7) -> 72 | I7: =IF(ISNUMBER($H7),IF($H7>=$C$3,"ACTION",""),"") | J7: =IF(ISNUMBER($H7),$H7+(100-ROW())/100000,"") -> 72.00093 | K7: =IF(ISNUMBER($J7),RANK($J7,$J$6:$J$25),"") -> 4 | L7: Add sensor check at station | M7: Open | O7: 2 | P7: =IF(COUNTIF($K$6:$K$25,$O7)=0,"",INDEX($B$6:$B$25,MATCH($O7,$K$6:$K$25,0))) -> Leak undetected | Q7: =IF(COUNTIF($K$6:$K$25,$O7)=0,"",INDEX($H$6:$H$25,MATCH($O7,$K$6:$K$25,0))) -> 108
A8: Packout | B8: Wrong label | C8: Ship to wrong customer | D8: Similar SKUs adjacent | E8: 9 | F8: 3 | G8: 2 | H8: =IF(COUNT($E8:$G8)<3,"",$E8*$F8*$G8) -> 54 | I8: =IF(ISNUMBER($H8),IF($H8>=$C$3,"ACTION",""),"") | J8: =IF(ISNUMBER($H8),$H8+(100-ROW())/100000,"") -> 54.00092 | K8: =IF(ISNUMBER($J8),RANK($J8,$J$6:$J$25),"") -> 5 | L8: Separate label stock bins | M8: Done | O8: 3 | P8: =IF(COUNTIF($K$6:$K$25,$O8)=0,"",INDEX($B$6:$B$25,MATCH($O8,$K$6:$K$25,0))) -> Damaged housing accepted | Q8: =IF(COUNTIF($K$6:$K$25,$O8)=0,"",INDEX($H$6:$H$25,MATCH($O8,$K$6:$K$25,0))) -> 80
A9: Test | B9: Leak undetected | C9: Field failure | D9: Test pressure too low | E9: 9 | F9: 2 | G9: 6 | H9: =IF(COUNT($E9:$G9)<3,"",$E9*$F9*$G9) -> 108 | I9: =IF(ISNUMBER($H9),IF($H9>=$C$3,"ACTION",""),"") -> ACTION | J9: =IF(ISNUMBER($H9),$H9+(100-ROW())/100000,"") -> 108.00091 | K9: =IF(ISNUMBER($J9),RANK($J9,$J$6:$J$25),"") -> 2 | L9: Raise test pressure per spec | M9: Open | O9: 4 | P9: =IF(COUNTIF($K$6:$K$25,$O9)=0,"",INDEX($B$6:$B$25,MATCH($O9,$K$6:$K$25,0))) -> Missing clip | Q9: =IF(COUNTIF($K$6:$K$25,$O9)=0,"",INDEX($H$6:$H$25,MATCH($O9,$K$6:$K$25,0))) -> 72
A10: Receiving | B10: Damaged housing accepted | C10: Scrap downstream | D10: No inbound check | E10: 5 | F10: 4 | G10: 4 | H10: =IF(COUNT($E10:$G10)<3,"",$E10*$F10*$G10) -> 80 | I10: =IF(ISNUMBER($H10),IF($H10>=$C$3,"ACTION",""),"") | J10: =IF(ISNUMBER($H10),$H10+(100-ROW())/100000,"") -> 80.0009 | K10: =IF(ISNUMBER($J10),RANK($J10,$J$6:$J$25),"") -> 3 | L10: Sample inspection on arrival | M10: None | O10: 5 | P10: =IF(COUNTIF($K$6:$K$25,$O10)=0,"",INDEX($B$6:$B$25,MATCH($O10,$K$6:$K$25,0))) -> Wrong label | Q10: =IF(COUNTIF($K$6:$K$25,$O10)=0,"",INDEX($H$6:$H$25,MATCH($O10,$K$6:$K$25,0))) -> 54
H11: =IF(COUNT($E11:$G11)<3,"",$E11*$F11*$G11) | I11: =IF(ISNUMBER($H11),IF($H11>=$C$3,"ACTION",""),"") | J11: =IF(ISNUMBER($H11),$H11+(100-ROW())/100000,"") | K11: =IF(ISNUMBER($J11),RANK($J11,$J$6:$J$25),"")
H12: =IF(COUNT($E12:$G12)<3,"",$E12*$F12*$G12) | I12: =IF(ISNUMBER($H12),IF($H12>=$C$3,"ACTION",""),"") | J12: =IF(ISNUMBER($H12),$H12+(100-ROW())/100000,"") | K12: =IF(ISNUMBER($J12),RANK($J12,$J$6:$J$25),"")
H13: =IF(COUNT($E13:$G13)<3,"",$E13*$F13*$G13) | I13: =IF(ISNUMBER($H13),IF($H13>=$C$3,"ACTION",""),"") | J13: =IF(ISNUMBER($H13),$H13+(100-ROW())/100000,"") | K13: =IF(ISNUMBER($J13),RANK($J13,$J$6:$J$25),"")
H14: =IF(COUNT($E14:$G14)<3,"",$E14*$F14*$G14) | I14: =IF(ISNUMBER($H14),IF($H14>=$C$3,"ACTION",""),"") | J14: =IF(ISNUMBER($H14),$H14+(100-ROW())/100000,"") | K14: =IF(ISNUMBER($J14),RANK($J14,$J$6:$J$25),"")
H15: =IF(COUNT($E15:$G15)<3,"",$E15*$F15*$G15) | I15: =IF(ISNUMBER($H15),IF($H15>=$C$3,"ACTION",""),"") | J15: =IF(ISNUMBER($H15),$H15+(100-ROW())/100000,"") | K15: =IF(ISNUMBER($J15),RANK($J15,$J$6:$J$25),"")
H16: =IF(COUNT($E16:$G16)<3,"",$E16*$F16*$G16) | I16: =IF(ISNUMBER($H16),IF($H16>=$C$3,"ACTION",""),"") | J16: =IF(ISNUMBER($H16),$H16+(100-ROW())/100000,"") | K16: =IF(ISNUMBER($J16),RANK($J16,$J$6:$J$25),"")
H17: =IF(COUNT($E17:$G17)<3,"",$E17*$F17*$G17) | I17: =IF(ISNUMBER($H17),IF($H17>=$C$3,"ACTION",""),"") | J17: =IF(ISNUMBER($H17),$H17+(100-ROW())/100000,"") | K17: =IF(ISNUMBER($J17),RANK($J17,$J$6:$J$25),"")
H18: =IF(COUNT($E18:$G18)<3,"",$E18*$F18*$G18) | I18: =IF(ISNUMBER($H18),IF($H18>=$C$3,"ACTION",""),"") | J18: =IF(ISNUMBER($H18),$H18+(100-ROW())/100000,"") | K18: =IF(ISNUMBER($J18),RANK($J18,$J$6:$J$25),"")
H19: =IF(COUNT($E19:$G19)<3,"",$E19*$F19*$G19) | I19: =IF(ISNUMBER($H19),IF($H19>=$C$3,"ACTION",""),"") | J19: =IF(ISNUMBER($H19),$H19+(100-ROW())/100000,"") | K19: =IF(ISNUMBER($J19),RANK($J19,$J$6:$J$25),"")
H20: =IF(COUNT($E20:$G20)<3,"",$E20*$F20*$G20) | I20: =IF(ISNUMBER($H20),IF($H20>=$C$3,"ACTION",""),"") | J20: =IF(ISNUMBER($H20),$H20+(100-ROW())/100000,"") | K20: =IF(ISNUMBER($J20),RANK($J20,$J$6:$J$25),"")
H21: =IF(COUNT($E21:$G21)<3,"",$E21*$F21*$G21) | I21: =IF(ISNUMBER($H21),IF($H21>=$C$3,"ACTION",""),"") | J21: =IF(ISNUMBER($H21),$H21+(100-ROW())/100000,"") | K21: =IF(ISNUMBER($J21),RANK($J21,$J$6:$J$25),"")
H22: =IF(COUNT($E22:$G22)<3,"",$E22*$F22*$G22) | I22: =IF(ISNUMBER($H22),IF($H22>=$C$3,"ACTION",""),"") | J22: =IF(ISNUMBER($H22),$H22+(100-ROW())/100000,"") | K22: =IF(ISNUMBER($J22),RANK($J22,$J$6:$J$25),"")
... H25: =IF(COUNT($E25:$G25)<3,"",$E25*$F25*$G25) | I25: =IF(ISNUMBER($H25),IF($H25>=$C$3,"ACTION",""),"") | J25: =IF(ISNUMBER($H25),$H25+(100-ROW())/100000,"") | K25: =IF(ISNUMBER($J25),RANK($J25,$J$6:$J$25),"")
A27: RPN = S x O x D (1-10 each). ACTION appears when RPN meets your industry threshold. In the web app the register re-sorts itself and threshold crossings raise alerts automatically.

Sheet CAPA Tracker
A1: CAPA tracker
A4: ID | B4: Title | C4: Source | D4: Linked code | E4: Owner | F4: Opened | G4: Due | H4: Status | I4: Days to due | J4: Overdue?
A5: C-001 | B5: Recurring SCRATCH on Line 4 — fixture redesign | C5: Auto | D5: SCRATCH | E5: J. Rivera | F5: 2026-06-12 | G5: 2026-07-15 | H5: In progress | I5: =IF(OR($G5="",$H5="Closed",$H5="Verified"),"",DATEVALUE($G5)-TODAY()) -> 4 | J5: =IF(ISNUMBER($I5),IF($I5<0,"OVERDUE",""),"")
A6: C-002 | B6: Seal supplier lot control for LEAK-01 | C6: Manual | D6: LEAK-01 | E6: M. Chen | F6: 2026-06-16 | G6: 2026-07-01 | H6: Open | I6: =IF(OR($G6="",$H6="Closed",$H6="Verified"),"",DATEVALUE($G6)-TODAY()) -> -10 | J6: =IF(ISNUMBER($I6),IF($I6<0,"OVERDUE",""),"") -> OVERDUE
A7: C-003 | B7: Label bin separation at packout | C7: Manual | D7: WRONG-LABEL | E7: A. Osei | F7: 2026-06-10 | G7: 2026-06-20 | H7: Closed | I7: =IF(OR($G7="",$H7="Closed",$H7="Verified"),"",DATEVALUE($G7)-TODAY()) | J7: =IF(ISNUMBER($I7),IF($I7<0,"OVERDUE",""),"")
I8: =IF(OR($G8="",$H8="Closed",$H8="Verified"),"",DATEVALUE($G8)-TODAY()) | J8: =IF(ISNUMBER($I8),IF($I8<0,"OVERDUE",""),"")
I9: =IF(OR($G9="",$H9="Closed",$H9="Verified"),"",DATEVALUE($G9)-TODAY()) | J9: =IF(ISNUMBER($I9),IF($I9<0,"OVERDUE",""),"")
I10: =IF(OR($G10="",$H10="Closed",$H10="Verified"),"",DATEVALUE($G10)-TODAY()) | J10: =IF(ISNUMBER($I10),IF($I10<0,"OVERDUE",""),"")
I11: =IF(OR($G11="",$H11="Closed",$H11="Verified"),"",DATEVALUE($G11)-TODAY()) | J11: =IF(ISNUMBER($I11),IF($I11<0,"OVERDUE",""),"")
I12: =IF(OR($G12="",$H12="Closed",$H12="Verified"),"",DATEVALUE($G12)-TODAY()) | J12: =IF(ISNUMBER($I12),IF($I12<0,"OVERDUE",""),"")
I13: =IF(OR($G13="",$H13="Closed",$H13="Verified"),"",DATEVALUE($G13)-TODAY()) | J13: =IF(ISNUMBER($I13),IF($I13<0,"OVERDUE",""),"")
I14: =IF(OR($G14="",$H14="Closed",$H14="Verified"),"",DATEVALUE($G14)-TODAY()) | J14: =IF(ISNUMBER($I14),IF($I14<0,"OVERDUE",""),"")
I15: =IF(OR($G15="",$H15="Closed",$H15="Verified"),"",DATEVALUE($G15)-TODAY()) | J15: =IF(ISNUMBER($I15),IF($I15<0,"OVERDUE",""),"")
I16: =IF(OR($G16="",$H16="Closed",$H16="Verified"),"",DATEVALUE($G16)-TODAY()) | J16: =IF(ISNUMBER($I16),IF($I16<0,"OVERDUE",""),"")
I17: =IF(OR($G17="",$H17="Closed",$H17="Verified"),"",DATEVALUE($G17)-TODAY()) | J17: =IF(ISNUMBER($I17),IF($I17<0,"OVERDUE",""),"")
I18: =IF(OR($G18="",$H18="Closed",$H18="Verified"),"",DATEVALUE($G18)-TODAY()) | J18: =IF(ISNUMBER($I18),IF($I18<0,"OVERDUE",""),"")
I19: =IF(OR($G19="",$H19="Closed",$H19="Verified"),"",DATEVALUE($G19)-TODAY()) | J19: =IF(ISNUMBER($I19),IF($I19<0,"OVERDUE",""),"")
... I24: =IF(OR($G24="",$H24="Closed",$H24="Verified"),"",DATEVALUE($G24)-TODAY()) | J24: =IF(ISNUMBER($I24),IF($I24<0,"OVERDUE",""),"")
A26: Dates as YYYY-MM-DD text; Days-to-due uses DATEVALUE and TODAY(), so it updates every time you open the file. Source=Auto mirrors the web app's auto-drafted CAPAs.
